ISO-10303-21;
HEADER;
FILE_DESCRIPTION(('FreeCAD Model'),'2;1');
FILE_NAME('Open CASCADE Shape Model','2026-09-22T19:35:31',('Author'),(
    ''),'Open CASCADE STEP processor 7.8','FreeCAD','Unknown');
FILE_SCHEMA(('AUTOMOTIVE_DESIGN { 1 0 10303 214 1 1 1 1 }'));
ENDSEC;
DATA;
#1 = APPLICATION_PROTOCOL_DEFINITION('international standard',
  'automotive_design',2000,#2);
#2 = APPLICATION_CONTEXT(
  'core data for automotive mechanical design processes');
#3 = SHAPE_DEFINITION_REPRESENTATION(#4,#10);
#4 = PRODUCT_DEFINITION_SHAPE('','',#5);
#5 = PRODUCT_DEFINITION('design','',#6,#9);
#6 = PRODUCT_DEFINITION_FORMATION('','',#7);
#7 = PRODUCT('OurayPOC','OurayPOC','',(#8));
#8 = PRODUCT_CONTEXT('',#2,'mechanical');
#9 = PRODUCT_DEFINITION_CONTEXT('part definition',#2,'design');
#10 = SHAPE_REPRESENTATION('',(#11,#15,#19,#23,#27,#31,#35),#39);
#11 = AXIS2_PLACEMENT_3D('',#12,#13,#14);
#12 = CARTESIAN_POINT('',(0.,0.,0.));
#13 = DIRECTION('',(0.,0.,1.));
#14 = DIRECTION('',(1.,0.,-0.));
#15 = AXIS2_PLACEMENT_3D('',#16,#17,#18);
#16 = CARTESIAN_POINT('',(-3.E+03,-500.,630.));
#17 = DIRECTION('',(0.,0.,1.));
#18 = DIRECTION('',(1.,0.,0.));
#19 = AXIS2_PLACEMENT_3D('',#20,#21,#22);
#20 = CARTESIAN_POINT('',(-2.E+03,0.,1.55E+03));
#21 = DIRECTION('',(1.,-0.,2.22044604925E-16));
#22 = DIRECTION('',(2.22044604925E-16,0.,-1.));
#23 = AXIS2_PLACEMENT_3D('',#24,#25,#26);
#24 = CARTESIAN_POINT('',(-1.975E+03,-850.,950.));
#25 = DIRECTION('',(1.,-0.,2.22044604925E-16));
#26 = DIRECTION('',(2.22044604925E-16,0.,-1.));
#27 = AXIS2_PLACEMENT_3D('',#28,#29,#30);
#28 = CARTESIAN_POINT('',(0.,0.,0.));
#29 = DIRECTION('',(0.,-1.,2.22044604925E-16));
#30 = DIRECTION('',(1.,0.,0.));
#31 = AXIS2_PLACEMENT_3D('',#32,#33,#34);
#32 = CARTESIAN_POINT('',(0.,0.,0.));
#33 = DIRECTION('',(0.,-1.,2.22044604925E-16));
#34 = DIRECTION('',(1.,0.,0.));
#35 = AXIS2_PLACEMENT_3D('',#36,#37,#38);
#36 = CARTESIAN_POINT('',(4.2E+03,-850.,300.));
#37 = DIRECTION('',(0.,0.,1.));
#38 = DIRECTION('',(1.,0.,0.));
#39 = ( GEOMETRIC_REPRESENTATION_CONTEXT(3) 
GLOBAL_UNCERTAINTY_ASSIGNED_CONTEXT((#43)) GLOBAL_UNIT_ASSIGNED_CONTEXT(
(#40,#41,#42)) REPRESENTATION_CONTEXT('Context #1',
  '3D Context with UNIT and UNCERTAINTY') );
#40 = ( LENGTH_UNIT() NAMED_UNIT(*) SI_UNIT(.MILLI.,.METRE.) );
#41 = ( NAMED_UNIT(*) PLANE_ANGLE_UNIT() SI_UNIT($,.RADIAN.) );
#42 = ( NAMED_UNIT(*) SI_UNIT($,.STERADIAN.) SOLID_ANGLE_UNIT() );
#43 = UNCERTAINTY_MEASURE_WITH_UNIT(LENGTH_MEASURE(1.E-07),#40,
  'distance_accuracy_value','confusion accuracy');
#44 = PRODUCT_RELATED_PRODUCT_CATEGORY('part',$,(#7));
#45 = SHAPE_DEFINITION_REPRESENTATION(#46,#52);
#46 = PRODUCT_DEFINITION_SHAPE('','',#47);
#47 = PRODUCT_DEFINITION('design','',#48,#51);
#48 = PRODUCT_DEFINITION_FORMATION('','',#49);
#49 = PRODUCT('chassis','chassis','',(#50));
#50 = PRODUCT_CONTEXT('',#2,'mechanical');
#51 = PRODUCT_DEFINITION_CONTEXT('part definition',#2,'design');
#52 = ADVANCED_BREP_SHAPE_REPRESENTATION('',(#11,#53),#203);
#53 = MANIFOLD_SOLID_BREP('',#54);
#54 = CLOSED_SHELL('',(#55,#95,#135,#157,#179,#191));
#55 = ADVANCED_FACE('',(#56),#90,.F.);
#56 = FACE_BOUND('',#57,.F.);
#57 = EDGE_LOOP('',(#58,#68,#76,#84));
#58 = ORIENTED_EDGE('',*,*,#59,.F.);
#59 = EDGE_CURVE('',#60,#62,#64,.T.);
#60 = VERTEX_POINT('',#61);
#61 = CARTESIAN_POINT('',(0.,0.,0.));
#62 = VERTEX_POINT('',#63);
#63 = CARTESIAN_POINT('',(0.,0.,180.));
#64 = LINE('',#65,#66);
#65 = CARTESIAN_POINT('',(0.,0.,0.));
#66 = VECTOR('',#67,1.);
#67 = DIRECTION('',(0.,0.,1.));
#68 = ORIENTED_EDGE('',*,*,#69,.T.);
#69 = EDGE_CURVE('',#60,#70,#72,.T.);
#70 = VERTEX_POINT('',#71);
#71 = CARTESIAN_POINT('',(0.,1.E+03,0.));
#72 = LINE('',#73,#74);
#73 = CARTESIAN_POINT('',(0.,0.,0.));
#74 = VECTOR('',#75,1.);
#75 = DIRECTION('',(-0.,1.,0.));
#76 = ORIENTED_EDGE('',*,*,#77,.T.);
#77 = EDGE_CURVE('',#70,#78,#80,.T.);
#78 = VERTEX_POINT('',#79);
#79 = CARTESIAN_POINT('',(0.,1.E+03,180.));
#80 = LINE('',#81,#82);
#81 = CARTESIAN_POINT('',(0.,1.E+03,0.));
#82 = VECTOR('',#83,1.);
#83 = DIRECTION('',(0.,0.,1.));
#84 = ORIENTED_EDGE('',*,*,#85,.F.);
#85 = EDGE_CURVE('',#62,#78,#86,.T.);
#86 = LINE('',#87,#88);
#87 = CARTESIAN_POINT('',(0.,0.,180.));
#88 = VECTOR('',#89,1.);
#89 = DIRECTION('',(-0.,1.,0.));
#90 = PLANE('',#91);
#91 = AXIS2_PLACEMENT_3D('',#92,#93,#94);
#92 = CARTESIAN_POINT('',(0.,0.,0.));
#93 = DIRECTION('',(1.,0.,-0.));
#94 = DIRECTION('',(0.,0.,1.));
#95 = ADVANCED_FACE('',(#96),#130,.T.);
#96 = FACE_BOUND('',#97,.T.);
#97 = EDGE_LOOP('',(#98,#108,#116,#124));
#98 = ORIENTED_EDGE('',*,*,#99,.F.);
#99 = EDGE_CURVE('',#100,#102,#104,.T.);
#100 = VERTEX_POINT('',#101);
#101 = CARTESIAN_POINT('',(7.2E+03,0.,0.));
#102 = VERTEX_POINT('',#103);
#103 = CARTESIAN_POINT('',(7.2E+03,0.,180.));
#104 = LINE('',#105,#106);
#105 = CARTESIAN_POINT('',(7.2E+03,0.,0.));
#106 = VECTOR('',#107,1.);
#107 = DIRECTION('',(0.,0.,1.));
#108 = ORIENTED_EDGE('',*,*,#109,.T.);
#109 = EDGE_CURVE('',#100,#110,#112,.T.);
#110 = VERTEX_POINT('',#111);
#111 = CARTESIAN_POINT('',(7.2E+03,1.E+03,0.));
#112 = LINE('',#113,#114);
#113 = CARTESIAN_POINT('',(7.2E+03,0.,0.));
#114 = VECTOR('',#115,1.);
#115 = DIRECTION('',(-0.,1.,0.));
#116 = ORIENTED_EDGE('',*,*,#117,.T.);
#117 = EDGE_CURVE('',#110,#118,#120,.T.);
#118 = VERTEX_POINT('',#119);
#119 = CARTESIAN_POINT('',(7.2E+03,1.E+03,180.));
#120 = LINE('',#121,#122);
#121 = CARTESIAN_POINT('',(7.2E+03,1.E+03,0.));
#122 = VECTOR('',#123,1.);
#123 = DIRECTION('',(0.,0.,1.));
#124 = ORIENTED_EDGE('',*,*,#125,.F.);
#125 = EDGE_CURVE('',#102,#118,#126,.T.);
#126 = LINE('',#127,#128);
#127 = CARTESIAN_POINT('',(7.2E+03,0.,180.));
#128 = VECTOR('',#129,1.);
#129 = DIRECTION('',(-0.,1.,0.));
#130 = PLANE('',#131);
#131 = AXIS2_PLACEMENT_3D('',#132,#133,#134);
#132 = CARTESIAN_POINT('',(7.2E+03,0.,0.));
#133 = DIRECTION('',(1.,0.,-0.));
#134 = DIRECTION('',(0.,0.,1.));
#135 = ADVANCED_FACE('',(#136),#152,.F.);
#136 = FACE_BOUND('',#137,.F.);
#137 = EDGE_LOOP('',(#138,#144,#145,#151));
#138 = ORIENTED_EDGE('',*,*,#139,.F.);
#139 = EDGE_CURVE('',#60,#100,#140,.T.);
#140 = LINE('',#141,#142);
#141 = CARTESIAN_POINT('',(0.,0.,0.));
#142 = VECTOR('',#143,1.);
#143 = DIRECTION('',(1.,0.,-0.));
#144 = ORIENTED_EDGE('',*,*,#59,.T.);
#145 = ORIENTED_EDGE('',*,*,#146,.T.);
#146 = EDGE_CURVE('',#62,#102,#147,.T.);
#147 = LINE('',#148,#149);
#148 = CARTESIAN_POINT('',(0.,0.,180.));
#149 = VECTOR('',#150,1.);
#150 = DIRECTION('',(1.,0.,-0.));
#151 = ORIENTED_EDGE('',*,*,#99,.F.);
#152 = PLANE('',#153);
#153 = AXIS2_PLACEMENT_3D('',#154,#155,#156);
#154 = CARTESIAN_POINT('',(0.,0.,0.));
#155 = DIRECTION('',(-0.,1.,0.));
#156 = DIRECTION('',(0.,0.,1.));
#157 = ADVANCED_FACE('',(#158),#174,.T.);
#158 = FACE_BOUND('',#159,.T.);
#159 = EDGE_LOOP('',(#160,#166,#167,#173));
#160 = ORIENTED_EDGE('',*,*,#161,.F.);
#161 = EDGE_CURVE('',#70,#110,#162,.T.);
#162 = LINE('',#163,#164);
#163 = CARTESIAN_POINT('',(0.,1.E+03,0.));
#164 = VECTOR('',#165,1.);
#165 = DIRECTION('',(1.,0.,-0.));
#166 = ORIENTED_EDGE('',*,*,#77,.T.);
#167 = ORIENTED_EDGE('',*,*,#168,.T.);
#168 = EDGE_CURVE('',#78,#118,#169,.T.);
#169 = LINE('',#170,#171);
#170 = CARTESIAN_POINT('',(0.,1.E+03,180.));
#171 = VECTOR('',#172,1.);
#172 = DIRECTION('',(1.,0.,-0.));
#173 = ORIENTED_EDGE('',*,*,#117,.F.);
#174 = PLANE('',#175);
#175 = AXIS2_PLACEMENT_3D('',#176,#177,#178);
#176 = CARTESIAN_POINT('',(0.,1.E+03,0.));
#177 = DIRECTION('',(-0.,1.,0.));
#178 = DIRECTION('',(0.,0.,1.));
#179 = ADVANCED_FACE('',(#180),#186,.F.);
#180 = FACE_BOUND('',#181,.F.);
#181 = EDGE_LOOP('',(#182,#183,#184,#185));
#182 = ORIENTED_EDGE('',*,*,#69,.F.);
#183 = ORIENTED_EDGE('',*,*,#139,.T.);
#184 = ORIENTED_EDGE('',*,*,#109,.T.);
#185 = ORIENTED_EDGE('',*,*,#161,.F.);
#186 = PLANE('',#187);
#187 = AXIS2_PLACEMENT_3D('',#188,#189,#190);
#188 = CARTESIAN_POINT('',(0.,0.,0.));
#189 = DIRECTION('',(0.,0.,1.));
#190 = DIRECTION('',(1.,0.,-0.));
#191 = ADVANCED_FACE('',(#192),#198,.T.);
#192 = FACE_BOUND('',#193,.T.);
#193 = EDGE_LOOP('',(#194,#195,#196,#197));
#194 = ORIENTED_EDGE('',*,*,#85,.F.);
#195 = ORIENTED_EDGE('',*,*,#146,.T.);
#196 = ORIENTED_EDGE('',*,*,#125,.T.);
#197 = ORIENTED_EDGE('',*,*,#168,.F.);
#198 = PLANE('',#199);
#199 = AXIS2_PLACEMENT_3D('',#200,#201,#202);
#200 = CARTESIAN_POINT('',(0.,0.,180.));
#201 = DIRECTION('',(0.,0.,1.));
#202 = DIRECTION('',(1.,0.,-0.));
#203 = ( GEOMETRIC_REPRESENTATION_CONTEXT(3) 
GLOBAL_UNCERTAINTY_ASSIGNED_CONTEXT((#207)) GLOBAL_UNIT_ASSIGNED_CONTEXT
((#204,#205,#206)) REPRESENTATION_CONTEXT('Context #1',
  '3D Context with UNIT and UNCERTAINTY') );
#204 = ( LENGTH_UNIT() NAMED_UNIT(*) SI_UNIT(.MILLI.,.METRE.) );
#205 = ( NAMED_UNIT(*) PLANE_ANGLE_UNIT() SI_UNIT($,.RADIAN.) );
#206 = ( NAMED_UNIT(*) SI_UNIT($,.STERADIAN.) SOLID_ANGLE_UNIT() );
#207 = UNCERTAINTY_MEASURE_WITH_UNIT(LENGTH_MEASURE(1.E-07),#204,
  'distance_accuracy_value','confusion accuracy');
#208 = CONTEXT_DEPENDENT_SHAPE_REPRESENTATION(#209,#211);
#209 = ( REPRESENTATION_RELATIONSHIP('','',#52,#10) 
REPRESENTATION_RELATIONSHIP_WITH_TRANSFORMATION(#210) 
SHAPE_REPRESENTATION_RELATIONSHIP() );
#210 = ITEM_DEFINED_TRANSFORMATION('','',#11,#15);
#211 = PRODUCT_DEFINITION_SHAPE('Placement','Placement of an item',#212
  );
#212 = NEXT_ASSEMBLY_USAGE_OCCURRENCE('1','chassis','',#5,#47,$);
#213 = PRODUCT_RELATED_PRODUCT_CATEGORY('part',$,(#49));
#214 = SHAPE_DEFINITION_REPRESENTATION(#215,#221);
#215 = PRODUCT_DEFINITION_SHAPE('','',#216);
#216 = PRODUCT_DEFINITION('design','',#217,#220);
#217 = PRODUCT_DEFINITION_FORMATION('','',#218);
#218 = PRODUCT('boiler','boiler','',(#219));
#219 = PRODUCT_CONTEXT('',#2,'mechanical');
#220 = PRODUCT_DEFINITION_CONTEXT('part definition',#2,'design');
#221 = ADVANCED_BREP_SHAPE_REPRESENTATION('',(#11,#222),#275);
#222 = MANIFOLD_SOLID_BREP('',#223);
#223 = CLOSED_SHELL('',(#224,#257,#266));
#224 = ADVANCED_FACE('',(#225),#252,.T.);
#225 = FACE_BOUND('',#226,.T.);
#226 = EDGE_LOOP('',(#227,#236,#244,#251));
#227 = ORIENTED_EDGE('',*,*,#228,.F.);
#228 = EDGE_CURVE('',#229,#229,#231,.T.);
#229 = VERTEX_POINT('',#230);
#230 = CARTESIAN_POINT('',(550.,-1.347111479062E-13,4.2E+03));
#231 = CIRCLE('',#232,550.);
#232 = AXIS2_PLACEMENT_3D('',#233,#234,#235);
#233 = CARTESIAN_POINT('',(0.,0.,4.2E+03));
#234 = DIRECTION('',(0.,0.,1.));
#235 = DIRECTION('',(1.,0.,-0.));
#236 = ORIENTED_EDGE('',*,*,#237,.F.);
#237 = EDGE_CURVE('',#238,#229,#240,.T.);
#238 = VERTEX_POINT('',#239);
#239 = CARTESIAN_POINT('',(550.,-1.347111479062E-13,0.));
#240 = LINE('',#241,#242);
#241 = CARTESIAN_POINT('',(550.,-1.347111479062E-13,0.));
#242 = VECTOR('',#243,1.);
#243 = DIRECTION('',(0.,0.,1.));
#244 = ORIENTED_EDGE('',*,*,#245,.T.);
#245 = EDGE_CURVE('',#238,#238,#246,.T.);
#246 = CIRCLE('',#247,550.);
#247 = AXIS2_PLACEMENT_3D('',#248,#249,#250);
#248 = CARTESIAN_POINT('',(0.,0.,0.));
#249 = DIRECTION('',(0.,0.,1.));
#250 = DIRECTION('',(1.,0.,-0.));
#251 = ORIENTED_EDGE('',*,*,#237,.T.);
#252 = CYLINDRICAL_SURFACE('',#253,550.);
#253 = AXIS2_PLACEMENT_3D('',#254,#255,#256);
#254 = CARTESIAN_POINT('',(0.,0.,0.));
#255 = DIRECTION('',(0.,0.,1.));
#256 = DIRECTION('',(1.,0.,-0.));
#257 = ADVANCED_FACE('',(#258),#261,.T.);
#258 = FACE_BOUND('',#259,.T.);
#259 = EDGE_LOOP('',(#260));
#260 = ORIENTED_EDGE('',*,*,#228,.T.);
#261 = PLANE('',#262);
#262 = AXIS2_PLACEMENT_3D('',#263,#264,#265);
#263 = CARTESIAN_POINT('',(0.,0.,4.2E+03));
#264 = DIRECTION('',(0.,0.,1.));
#265 = DIRECTION('',(1.,0.,-0.));
#266 = ADVANCED_FACE('',(#267),#270,.F.);
#267 = FACE_BOUND('',#268,.T.);
#268 = EDGE_LOOP('',(#269));
#269 = ORIENTED_EDGE('',*,*,#245,.F.);
#270 = PLANE('',#271);
#271 = AXIS2_PLACEMENT_3D('',#272,#273,#274);
#272 = CARTESIAN_POINT('',(0.,0.,0.));
#273 = DIRECTION('',(0.,0.,1.));
#274 = DIRECTION('',(1.,0.,-0.));
#275 = ( GEOMETRIC_REPRESENTATION_CONTEXT(3) 
GLOBAL_UNCERTAINTY_ASSIGNED_CONTEXT((#279)) GLOBAL_UNIT_ASSIGNED_CONTEXT
((#276,#277,#278)) REPRESENTATION_CONTEXT('Context #1',
  '3D Context with UNIT and UNCERTAINTY') );
#276 = ( LENGTH_UNIT() NAMED_UNIT(*) SI_UNIT(.MILLI.,.METRE.) );
#277 = ( NAMED_UNIT(*) PLANE_ANGLE_UNIT() SI_UNIT($,.RADIAN.) );
#278 = ( NAMED_UNIT(*) SI_UNIT($,.STERADIAN.) SOLID_ANGLE_UNIT() );
#279 = UNCERTAINTY_MEASURE_WITH_UNIT(LENGTH_MEASURE(1.E-07),#276,
  'distance_accuracy_value','confusion accuracy');
#280 = CONTEXT_DEPENDENT_SHAPE_REPRESENTATION(#281,#283);
#281 = ( REPRESENTATION_RELATIONSHIP('','',#221,#10) 
REPRESENTATION_RELATIONSHIP_WITH_TRANSFORMATION(#282) 
SHAPE_REPRESENTATION_RELATIONSHIP() );
#282 = ITEM_DEFINED_TRANSFORMATION('','',#11,#19);
#283 = PRODUCT_DEFINITION_SHAPE('Placement','Placement of an item',#284
  );
#284 = NEXT_ASSEMBLY_USAGE_OCCURRENCE('2','boiler','',#5,#216,$);
#285 = PRODUCT_RELATED_PRODUCT_CATEGORY('part',$,(#218));
#286 = SHAPE_DEFINITION_REPRESENTATION(#287,#293);
#287 = PRODUCT_DEFINITION_SHAPE('','',#288);
#288 = PRODUCT_DEFINITION('design','',#289,#292);
#289 = PRODUCT_DEFINITION_FORMATION('','',#290);
#290 = PRODUCT('cylinder','cylinder','',(#291));
#291 = PRODUCT_CONTEXT('',#2,'mechanical');
#292 = PRODUCT_DEFINITION_CONTEXT('part definition',#2,'design');
#293 = ADVANCED_BREP_SHAPE_REPRESENTATION('',(#11,#294),#347);
#294 = MANIFOLD_SOLID_BREP('',#295);
#295 = CLOSED_SHELL('',(#296,#329,#338));
#296 = ADVANCED_FACE('',(#297),#324,.T.);
#297 = FACE_BOUND('',#298,.T.);
#298 = EDGE_LOOP('',(#299,#308,#316,#323));
#299 = ORIENTED_EDGE('',*,*,#300,.F.);
#300 = EDGE_CURVE('',#301,#301,#303,.T.);
#301 = VERTEX_POINT('',#302);
#302 = CARTESIAN_POINT('',(280.,-6.858022075225E-14,850.));
#303 = CIRCLE('',#304,280.);
#304 = AXIS2_PLACEMENT_3D('',#305,#306,#307);
#305 = CARTESIAN_POINT('',(0.,0.,850.));
#306 = DIRECTION('',(0.,0.,1.));
#307 = DIRECTION('',(1.,0.,-0.));
#308 = ORIENTED_EDGE('',*,*,#309,.F.);
#309 = EDGE_CURVE('',#310,#301,#312,.T.);
#310 = VERTEX_POINT('',#311);
#311 = CARTESIAN_POINT('',(280.,-6.858022075225E-14,0.));
#312 = LINE('',#313,#314);
#313 = CARTESIAN_POINT('',(280.,-6.858022075225E-14,0.));
#314 = VECTOR('',#315,1.);
#315 = DIRECTION('',(0.,0.,1.));
#316 = ORIENTED_EDGE('',*,*,#317,.T.);
#317 = EDGE_CURVE('',#310,#310,#318,.T.);
#318 = CIRCLE('',#319,280.);
#319 = AXIS2_PLACEMENT_3D('',#320,#321,#322);
#320 = CARTESIAN_POINT('',(0.,0.,0.));
#321 = DIRECTION('',(0.,0.,1.));
#322 = DIRECTION('',(1.,0.,-0.));
#323 = ORIENTED_EDGE('',*,*,#309,.T.);
#324 = CYLINDRICAL_SURFACE('',#325,280.);
#325 = AXIS2_PLACEMENT_3D('',#326,#327,#328);
#326 = CARTESIAN_POINT('',(0.,0.,0.));
#327 = DIRECTION('',(0.,0.,1.));
#328 = DIRECTION('',(1.,0.,-0.));
#329 = ADVANCED_FACE('',(#330),#333,.T.);
#330 = FACE_BOUND('',#331,.T.);
#331 = EDGE_LOOP('',(#332));
#332 = ORIENTED_EDGE('',*,*,#300,.T.);
#333 = PLANE('',#334);
#334 = AXIS2_PLACEMENT_3D('',#335,#336,#337);
#335 = CARTESIAN_POINT('',(0.,0.,850.));
#336 = DIRECTION('',(0.,0.,1.));
#337 = DIRECTION('',(1.,0.,-0.));
#338 = ADVANCED_FACE('',(#339),#342,.F.);
#339 = FACE_BOUND('',#340,.T.);
#340 = EDGE_LOOP('',(#341));
#341 = ORIENTED_EDGE('',*,*,#317,.F.);
#342 = PLANE('',#343);
#343 = AXIS2_PLACEMENT_3D('',#344,#345,#346);
#344 = CARTESIAN_POINT('',(0.,0.,0.));
#345 = DIRECTION('',(0.,0.,1.));
#346 = DIRECTION('',(1.,0.,-0.));
#347 = ( GEOMETRIC_REPRESENTATION_CONTEXT(3) 
GLOBAL_UNCERTAINTY_ASSIGNED_CONTEXT((#351)) GLOBAL_UNIT_ASSIGNED_CONTEXT
((#348,#349,#350)) REPRESENTATION_CONTEXT('Context #1',
  '3D Context with UNIT and UNCERTAINTY') );
#348 = ( LENGTH_UNIT() NAMED_UNIT(*) SI_UNIT(.MILLI.,.METRE.) );
#349 = ( NAMED_UNIT(*) PLANE_ANGLE_UNIT() SI_UNIT($,.RADIAN.) );
#350 = ( NAMED_UNIT(*) SI_UNIT($,.STERADIAN.) SOLID_ANGLE_UNIT() );
#351 = UNCERTAINTY_MEASURE_WITH_UNIT(LENGTH_MEASURE(1.E-07),#348,
  'distance_accuracy_value','confusion accuracy');
#352 = CONTEXT_DEPENDENT_SHAPE_REPRESENTATION(#353,#355);
#353 = ( REPRESENTATION_RELATIONSHIP('','',#293,#10) 
REPRESENTATION_RELATIONSHIP_WITH_TRANSFORMATION(#354) 
SHAPE_REPRESENTATION_RELATIONSHIP() );
#354 = ITEM_DEFINED_TRANSFORMATION('','',#11,#23);
#355 = PRODUCT_DEFINITION_SHAPE('Placement','Placement of an item',#356
  );
#356 = NEXT_ASSEMBLY_USAGE_OCCURRENCE('3','cylinder','',#5,#288,$);
#357 = PRODUCT_RELATED_PRODUCT_CATEGORY('part',$,(#290));
#358 = SHAPE_DEFINITION_REPRESENTATION(#359,#365);
#359 = PRODUCT_DEFINITION_SHAPE('','',#360);
#360 = PRODUCT_DEFINITION('design','',#361,#364);
#361 = PRODUCT_DEFINITION_FORMATION('','',#362);
#362 = PRODUCT('driver_wheel','driver_wheel','',(#363));
#363 = PRODUCT_CONTEXT('',#2,'mechanical');
#364 = PRODUCT_DEFINITION_CONTEXT('part definition',#2,'design');
#365 = ADVANCED_BREP_SHAPE_REPRESENTATION('',(#11,#366),#2519);
#366 = MANIFOLD_SOLID_BREP('',#367);
#367 = CLOSED_SHELL('',(#368,#401,#421,#441,#985,#1027,#1051,#1086,#1103
    ,#1135,#1159,#1183,#1201,#1233,#1257,#1281,#1299,#1331,#1355,#1379,
    #1397,#1429,#1453,#1477,#1495,#1527,#1551,#1575,#1593,#1625,#1649,
    #1673,#1691,#1723,#1747,#1771,#1789,#1821,#1845,#1869,#1887,#1919,
    #1943,#1967,#1985,#2017,#2041,#2065,#2083,#2115,#2139,#2163,#2181,
    #2213,#2237,#2261,#2279,#2311,#2335,#2360,#2377,#2501,#2510));
#368 = ADVANCED_FACE('',(#369),#396,.T.);
#369 = FACE_BOUND('',#370,.T.);
#370 = EDGE_LOOP('',(#371,#380,#388,#395));
#371 = ORIENTED_EDGE('',*,*,#372,.F.);
#372 = EDGE_CURVE('',#373,#373,#375,.T.);
#373 = VERTEX_POINT('',#374);
#374 = CARTESIAN_POINT('',(640.,-1.567547902909E-13,120.));
#375 = CIRCLE('',#376,640.);
#376 = AXIS2_PLACEMENT_3D('',#377,#378,#379);
#377 = CARTESIAN_POINT('',(0.,0.,120.));
#378 = DIRECTION('',(0.,0.,1.));
#379 = DIRECTION('',(1.,0.,-0.));
#380 = ORIENTED_EDGE('',*,*,#381,.F.);
#381 = EDGE_CURVE('',#382,#373,#384,.T.);
#382 = VERTEX_POINT('',#383);
#383 = CARTESIAN_POINT('',(640.,-1.567547902909E-13,0.));
#384 = LINE('',#385,#386);
#385 = CARTESIAN_POINT('',(640.,-1.567547902909E-13,0.));
#386 = VECTOR('',#387,1.);
#387 = DIRECTION('',(0.,0.,1.));
#388 = ORIENTED_EDGE('',*,*,#389,.T.);
#389 = EDGE_CURVE('',#382,#382,#390,.T.);
#390 = CIRCLE('',#391,640.);
#391 = AXIS2_PLACEMENT_3D('',#392,#393,#394);
#392 = CARTESIAN_POINT('',(0.,0.,0.));
#393 = DIRECTION('',(0.,0.,1.));
#394 = DIRECTION('',(1.,0.,-0.));
#395 = ORIENTED_EDGE('',*,*,#381,.T.);
#396 = CYLINDRICAL_SURFACE('',#397,640.);
#397 = AXIS2_PLACEMENT_3D('',#398,#399,#400);
#398 = CARTESIAN_POINT('',(0.,0.,0.));
#399 = DIRECTION('',(0.,0.,1.));
#400 = DIRECTION('',(1.,0.,-0.));
#401 = ADVANCED_FACE('',(#402,#405),#416,.T.);
#402 = FACE_BOUND('',#403,.T.);
#403 = EDGE_LOOP('',(#404));
#404 = ORIENTED_EDGE('',*,*,#372,.T.);
#405 = FACE_BOUND('',#406,.T.);
#406 = EDGE_LOOP('',(#407));
#407 = ORIENTED_EDGE('',*,*,#408,.F.);
#408 = EDGE_CURVE('',#409,#409,#411,.T.);
#409 = VERTEX_POINT('',#410);
#410 = CARTESIAN_POINT('',(524.8,-1.285389280385E-13,120.));
#411 = CIRCLE('',#412,524.8);
#412 = AXIS2_PLACEMENT_3D('',#413,#414,#415);
#413 = CARTESIAN_POINT('',(0.,0.,120.));
#414 = DIRECTION('',(0.,0.,1.));
#415 = DIRECTION('',(1.,0.,-0.));
#416 = PLANE('',#417);
#417 = AXIS2_PLACEMENT_3D('',#418,#419,#420);
#418 = CARTESIAN_POINT('',(0.,0.,120.));
#419 = DIRECTION('',(0.,0.,1.));
#420 = DIRECTION('',(1.,0.,-0.));
#421 = ADVANCED_FACE('',(#422,#425),#436,.F.);
#422 = FACE_BOUND('',#423,.F.);
#423 = EDGE_LOOP('',(#424));
#424 = ORIENTED_EDGE('',*,*,#389,.T.);
#425 = FACE_BOUND('',#426,.F.);
#426 = EDGE_LOOP('',(#427));
#427 = ORIENTED_EDGE('',*,*,#428,.F.);
#428 = EDGE_CURVE('',#429,#429,#431,.T.);
#429 = VERTEX_POINT('',#430);
#430 = CARTESIAN_POINT('',(524.8,-1.285389280385E-13,0.));
#431 = CIRCLE('',#432,524.8);
#432 = AXIS2_PLACEMENT_3D('',#433,#434,#435);
#433 = CARTESIAN_POINT('',(0.,0.,0.));
#434 = DIRECTION('',(0.,0.,1.));
#435 = DIRECTION('',(1.,0.,-0.));
#436 = PLANE('',#437);
#437 = AXIS2_PLACEMENT_3D('',#438,#439,#440);
#438 = CARTESIAN_POINT('',(0.,0.,0.));
#439 = DIRECTION('',(0.,0.,1.));
#440 = DIRECTION('',(1.,0.,-0.));
#441 = ADVANCED_FACE('',(#442,#512,#548,#584,#620,#656,#692,#728,#764,
    #800,#836,#872,#908,#944),#980,.F.);
#442 = FACE_BOUND('',#443,.F.);
#443 = EDGE_LOOP('',(#444,#455,#463,#472,#478,#479,#480,#489,#497,#504,
    #510,#511));
#444 = ORIENTED_EDGE('',*,*,#445,.F.);
#445 = EDGE_CURVE('',#446,#448,#450,.T.);
#446 = VERTEX_POINT('',#447);
#447 = CARTESIAN_POINT('',(524.70471695993,-10.,48.));
#448 = VERTEX_POINT('',#449);
#449 = CARTESIAN_POINT('',(524.8,-1.285389280385E-13,48.));
#450 = CIRCLE('',#451,524.8);
#451 = AXIS2_PLACEMENT_3D('',#452,#453,#454);
#452 = CARTESIAN_POINT('',(0.,0.,48.));
#453 = DIRECTION('',(0.,0.,1.));
#454 = DIRECTION('',(1.,0.,-0.));
#455 = ORIENTED_EDGE('',*,*,#456,.T.);
#456 = EDGE_CURVE('',#446,#457,#459,.T.);
#457 = VERTEX_POINT('',#458);
#458 = CARTESIAN_POINT('',(524.70471695993,-10.,73.));
#459 = LINE('',#460,#461);
#460 = CARTESIAN_POINT('',(524.70471695993,-10.,-1.));
#461 = VECTOR('',#462,1.);
#462 = DIRECTION('',(0.,0.,1.));
#463 = ORIENTED_EDGE('',*,*,#464,.T.);
#464 = EDGE_CURVE('',#457,#465,#467,.T.);
#465 = VERTEX_POINT('',#466);
#466 = CARTESIAN_POINT('',(524.8,-1.285389280385E-13,73.));
#467 = CIRCLE('',#468,524.8);
#468 = AXIS2_PLACEMENT_3D('',#469,#470,#471);
#469 = CARTESIAN_POINT('',(0.,0.,73.));
#470 = DIRECTION('',(0.,0.,1.));
#471 = DIRECTION('',(1.,0.,-0.));
#472 = ORIENTED_EDGE('',*,*,#473,.T.);
#473 = EDGE_CURVE('',#465,#409,#474,.T.);
#474 = LINE('',#475,#476);
#475 = CARTESIAN_POINT('',(524.8,-1.285389280385E-13,-1.));
#476 = VECTOR('',#477,1.);
#477 = DIRECTION('',(0.,0.,1.));
#478 = ORIENTED_EDGE('',*,*,#408,.F.);
#479 = ORIENTED_EDGE('',*,*,#473,.F.);
#480 = ORIENTED_EDGE('',*,*,#481,.T.);
#481 = EDGE_CURVE('',#465,#482,#484,.T.);
#482 = VERTEX_POINT('',#483);
#483 = CARTESIAN_POINT('',(524.70471695993,10.,73.));
#484 = CIRCLE('',#485,524.8);
#485 = AXIS2_PLACEMENT_3D('',#486,#487,#488);
#486 = CARTESIAN_POINT('',(0.,0.,73.));
#487 = DIRECTION('',(0.,0.,1.));
#488 = DIRECTION('',(1.,0.,-0.));
#489 = ORIENTED_EDGE('',*,*,#490,.F.);
#490 = EDGE_CURVE('',#491,#482,#493,.T.);
#491 = VERTEX_POINT('',#492);
#492 = CARTESIAN_POINT('',(524.70471695993,10.,48.));
#493 = LINE('',#494,#495);
#494 = CARTESIAN_POINT('',(524.70471695993,10.,-1.));
#495 = VECTOR('',#496,1.);
#496 = DIRECTION('',(0.,0.,1.));
#497 = ORIENTED_EDGE('',*,*,#498,.F.);
#498 = EDGE_CURVE('',#448,#491,#499,.T.);
#499 = CIRCLE('',#500,524.8);
#500 = AXIS2_PLACEMENT_3D('',#501,#502,#503);
#501 = CARTESIAN_POINT('',(0.,0.,48.));
#502 = DIRECTION('',(0.,0.,1.));
#503 = DIRECTION('',(1.,0.,-0.));
#504 = ORIENTED_EDGE('',*,*,#505,.F.);
#505 = EDGE_CURVE('',#429,#448,#506,.T.);
#506 = LINE('',#507,#508);
#507 = CARTESIAN_POINT('',(524.8,-1.285389280385E-13,-1.));
#508 = VECTOR('',#509,1.);
#509 = DIRECTION('',(0.,0.,1.));
#510 = ORIENTED_EDGE('',*,*,#428,.T.);
#511 = ORIENTED_EDGE('',*,*,#505,.T.);
#512 = FACE_BOUND('',#513,.F.);
#513 = EDGE_LOOP('',(#514,#525,#533,#542));
#514 = ORIENTED_EDGE('',*,*,#515,.F.);
#515 = EDGE_CURVE('',#516,#518,#520,.T.);
#516 = VERTEX_POINT('',#517);
#517 = CARTESIAN_POINT('',(477.08145221362,218.65115584817,48.));
#518 = VERTEX_POINT('',#519);
#519 = CARTESIAN_POINT('',(468.40377743127,236.67053320621,48.));
#520 = CIRCLE('',#521,524.8);
#521 = AXIS2_PLACEMENT_3D('',#522,#523,#524);
#522 = CARTESIAN_POINT('',(0.,0.,48.));
#523 = DIRECTION('',(0.,0.,1.));
#524 = DIRECTION('',(1.,0.,-0.));
#525 = ORIENTED_EDGE('',*,*,#526,.T.);
#526 = EDGE_CURVE('',#516,#527,#529,.T.);
#527 = VERTEX_POINT('',#528);
#528 = CARTESIAN_POINT('',(477.08145221362,218.65115584817,73.));
#529 = LINE('',#530,#531);
#530 = CARTESIAN_POINT('',(477.08145221362,218.65115584817,-1.));
#531 = VECTOR('',#532,1.);
#532 = DIRECTION('',(0.,0.,1.));
#533 = ORIENTED_EDGE('',*,*,#534,.T.);
#534 = EDGE_CURVE('',#527,#535,#537,.T.);
#535 = VERTEX_POINT('',#536);
#536 = CARTESIAN_POINT('',(468.40377743127,236.67053320621,73.));
#537 = CIRCLE('',#538,524.8);
#538 = AXIS2_PLACEMENT_3D('',#539,#540,#541);
#539 = CARTESIAN_POINT('',(0.,0.,73.));
#540 = DIRECTION('',(0.,0.,1.));
#541 = DIRECTION('',(1.,0.,-0.));
#542 = ORIENTED_EDGE('',*,*,#543,.F.);
#543 = EDGE_CURVE('',#518,#535,#544,.T.);
#544 = LINE('',#545,#546);
#545 = CARTESIAN_POINT('',(468.40377743127,236.67053320621,-1.));
#546 = VECTOR('',#547,1.);
#547 = DIRECTION('',(0.,0.,1.));
#548 = FACE_BOUND('',#549,.F.);
#549 = EDGE_LOOP('',(#550,#561,#569,#578));
#550 = ORIENTED_EDGE('',*,*,#551,.F.);
#551 = EDGE_CURVE('',#552,#554,#556,.T.);
#552 = VERTEX_POINT('',#553);
#553 = CARTESIAN_POINT('',(334.96635483637,403.99576870016,48.));
#554 = VERTEX_POINT('',#555);
#555 = CARTESIAN_POINT('',(319.329725187,416.46556473733,48.));
#556 = CIRCLE('',#557,524.8);
#557 = AXIS2_PLACEMENT_3D('',#558,#559,#560);
#558 = CARTESIAN_POINT('',(0.,0.,48.));
#559 = DIRECTION('',(0.,0.,1.));
#560 = DIRECTION('',(1.,0.,-0.));
#561 = ORIENTED_EDGE('',*,*,#562,.T.);
#562 = EDGE_CURVE('',#552,#563,#565,.T.);
#563 = VERTEX_POINT('',#564);
#564 = CARTESIAN_POINT('',(334.96635483637,403.99576870016,73.));
#565 = LINE('',#566,#567);
#566 = CARTESIAN_POINT('',(334.96635483637,403.99576870016,-1.));
#567 = VECTOR('',#568,1.);
#568 = DIRECTION('',(0.,0.,1.));
#569 = ORIENTED_EDGE('',*,*,#570,.T.);
#570 = EDGE_CURVE('',#563,#571,#573,.T.);
#571 = VERTEX_POINT('',#572);
#572 = CARTESIAN_POINT('',(319.329725187,416.46556473733,73.));
#573 = CIRCLE('',#574,524.8);
#574 = AXIS2_PLACEMENT_3D('',#575,#576,#577);
#575 = CARTESIAN_POINT('',(0.,0.,73.));
#576 = DIRECTION('',(0.,0.,1.));
#577 = DIRECTION('',(1.,0.,-0.));
#578 = ORIENTED_EDGE('',*,*,#579,.F.);
#579 = EDGE_CURVE('',#554,#571,#580,.T.);
#580 = LINE('',#581,#582);
#581 = CARTESIAN_POINT('',(319.329725187,416.46556473733,-1.));
#582 = VECTOR('',#583,1.);
#583 = DIRECTION('',(0.,0.,1.));
#584 = FACE_BOUND('',#585,.F.);
#585 = EDGE_LOOP('',(#586,#597,#605,#614));
#586 = ORIENTED_EDGE('',*,*,#587,.F.);
#587 = EDGE_CURVE('',#588,#590,#592,.T.);
#588 = VERTEX_POINT('',#589);
#589 = CARTESIAN_POINT('',(126.50706279102,509.32406487813,48.));
#590 = VERTEX_POINT('',#591);
#591 = CARTESIAN_POINT('',(107.00850454738,513.77448355726,48.));
#592 = CIRCLE('',#593,524.8);
#593 = AXIS2_PLACEMENT_3D('',#594,#595,#596);
#594 = CARTESIAN_POINT('',(0.,0.,48.));
#595 = DIRECTION('',(0.,0.,1.));
#596 = DIRECTION('',(1.,0.,-0.));
#597 = ORIENTED_EDGE('',*,*,#598,.T.);
#598 = EDGE_CURVE('',#588,#599,#601,.T.);
#599 = VERTEX_POINT('',#600);
#600 = CARTESIAN_POINT('',(126.50706279102,509.32406487813,73.));
#601 = LINE('',#602,#603);
#602 = CARTESIAN_POINT('',(126.50706279102,509.32406487813,-1.));
#603 = VECTOR('',#604,1.);
#604 = DIRECTION('',(0.,0.,1.));
#605 = ORIENTED_EDGE('',*,*,#606,.T.);
#606 = EDGE_CURVE('',#599,#607,#609,.T.);
#607 = VERTEX_POINT('',#608);
#608 = CARTESIAN_POINT('',(107.00850454738,513.77448355726,73.));
#609 = CIRCLE('',#610,524.8);
#610 = AXIS2_PLACEMENT_3D('',#611,#612,#613);
#611 = CARTESIAN_POINT('',(0.,0.,73.));
#612 = DIRECTION('',(0.,0.,1.));
#613 = DIRECTION('',(1.,0.,-0.));
#614 = ORIENTED_EDGE('',*,*,#615,.F.);
#615 = EDGE_CURVE('',#590,#607,#616,.T.);
#616 = LINE('',#617,#618);
#617 = CARTESIAN_POINT('',(107.00850454738,513.77448355726,-1.));
#618 = VECTOR('',#619,1.);
#619 = DIRECTION('',(0.,0.,1.));
#620 = FACE_BOUND('',#621,.F.);
#621 = EDGE_LOOP('',(#622,#633,#641,#650));
#622 = ORIENTED_EDGE('',*,*,#623,.F.);
#623 = EDGE_CURVE('',#624,#626,#628,.T.);
#624 = VERTEX_POINT('',#625);
#625 = CARTESIAN_POINT('',(-107.0085045473,513.77448355726,48.));
#626 = VERTEX_POINT('',#627);
#627 = CARTESIAN_POINT('',(-126.507062791,509.32406487813,48.));
#628 = CIRCLE('',#629,524.8);
#629 = AXIS2_PLACEMENT_3D('',#630,#631,#632);
#630 = CARTESIAN_POINT('',(0.,0.,48.));
#631 = DIRECTION('',(0.,0.,1.));
#632 = DIRECTION('',(1.,0.,-0.));
#633 = ORIENTED_EDGE('',*,*,#634,.T.);
#634 = EDGE_CURVE('',#624,#635,#637,.T.);
#635 = VERTEX_POINT('',#636);
#636 = CARTESIAN_POINT('',(-107.0085045473,513.77448355726,73.));
#637 = LINE('',#638,#639);
#638 = CARTESIAN_POINT('',(-107.0085045473,513.77448355726,-1.));
#639 = VECTOR('',#640,1.);
#640 = DIRECTION('',(0.,0.,1.));
#641 = ORIENTED_EDGE('',*,*,#642,.T.);
#642 = EDGE_CURVE('',#635,#643,#645,.T.);
#643 = VERTEX_POINT('',#644);
#644 = CARTESIAN_POINT('',(-126.507062791,509.32406487813,73.));
#645 = CIRCLE('',#646,524.8);
#646 = AXIS2_PLACEMENT_3D('',#647,#648,#649);
#647 = CARTESIAN_POINT('',(0.,0.,73.));
#648 = DIRECTION('',(0.,0.,1.));
#649 = DIRECTION('',(1.,0.,-0.));
#650 = ORIENTED_EDGE('',*,*,#651,.F.);
#651 = EDGE_CURVE('',#626,#643,#652,.T.);
#652 = LINE('',#653,#654);
#653 = CARTESIAN_POINT('',(-126.507062791,509.32406487813,-1.));
#654 = VECTOR('',#655,1.);
#655 = DIRECTION('',(0.,0.,1.));
#656 = FACE_BOUND('',#657,.F.);
#657 = EDGE_LOOP('',(#658,#669,#677,#686));
#658 = ORIENTED_EDGE('',*,*,#659,.F.);
#659 = EDGE_CURVE('',#660,#662,#664,.T.);
#660 = VERTEX_POINT('',#661);
#661 = CARTESIAN_POINT('',(-319.329725187,416.46556473733,48.));
#662 = VERTEX_POINT('',#663);
#663 = CARTESIAN_POINT('',(-334.9663548363,403.99576870016,48.));
#664 = CIRCLE('',#665,524.8);
#665 = AXIS2_PLACEMENT_3D('',#666,#667,#668);
#666 = CARTESIAN_POINT('',(0.,0.,48.));
#667 = DIRECTION('',(0.,0.,1.));
#668 = DIRECTION('',(1.,0.,-0.));
#669 = ORIENTED_EDGE('',*,*,#670,.T.);
#670 = EDGE_CURVE('',#660,#671,#673,.T.);
#671 = VERTEX_POINT('',#672);
#672 = CARTESIAN_POINT('',(-319.329725187,416.46556473733,73.));
#673 = LINE('',#674,#675);
#674 = CARTESIAN_POINT('',(-319.329725187,416.46556473733,-1.));
#675 = VECTOR('',#676,1.);
#676 = DIRECTION('',(0.,0.,1.));
#677 = ORIENTED_EDGE('',*,*,#678,.T.);
#678 = EDGE_CURVE('',#671,#679,#681,.T.);
#679 = VERTEX_POINT('',#680);
#680 = CARTESIAN_POINT('',(-334.9663548363,403.99576870016,73.));
#681 = CIRCLE('',#682,524.8);
#682 = AXIS2_PLACEMENT_3D('',#683,#684,#685);
#683 = CARTESIAN_POINT('',(0.,0.,73.));
#684 = DIRECTION('',(0.,0.,1.));
#685 = DIRECTION('',(1.,0.,-0.));
#686 = ORIENTED_EDGE('',*,*,#687,.F.);
#687 = EDGE_CURVE('',#662,#679,#688,.T.);
#688 = LINE('',#689,#690);
#689 = CARTESIAN_POINT('',(-334.9663548363,403.99576870016,-1.));
#690 = VECTOR('',#691,1.);
#691 = DIRECTION('',(0.,0.,1.));
#692 = FACE_BOUND('',#693,.F.);
#693 = EDGE_LOOP('',(#694,#705,#713,#722));
#694 = ORIENTED_EDGE('',*,*,#695,.F.);
#695 = EDGE_CURVE('',#696,#698,#700,.T.);
#696 = VERTEX_POINT('',#697);
#697 = CARTESIAN_POINT('',(-468.4037774312,236.67053320621,48.));
#698 = VERTEX_POINT('',#699);
#699 = CARTESIAN_POINT('',(-477.0814522136,218.65115584817,48.));
#700 = CIRCLE('',#701,524.8);
#701 = AXIS2_PLACEMENT_3D('',#702,#703,#704);
#702 = CARTESIAN_POINT('',(0.,0.,48.));
#703 = DIRECTION('',(0.,0.,1.));
#704 = DIRECTION('',(1.,0.,-0.));
#705 = ORIENTED_EDGE('',*,*,#706,.T.);
#706 = EDGE_CURVE('',#696,#707,#709,.T.);
#707 = VERTEX_POINT('',#708);
#708 = CARTESIAN_POINT('',(-468.4037774312,236.67053320621,73.));
#709 = LINE('',#710,#711);
#710 = CARTESIAN_POINT('',(-468.4037774312,236.67053320621,-1.));
#711 = VECTOR('',#712,1.);
#712 = DIRECTION('',(0.,0.,1.));
#713 = ORIENTED_EDGE('',*,*,#714,.T.);
#714 = EDGE_CURVE('',#707,#715,#717,.T.);
#715 = VERTEX_POINT('',#716);
#716 = CARTESIAN_POINT('',(-477.0814522136,218.65115584817,73.));
#717 = CIRCLE('',#718,524.8);
#718 = AXIS2_PLACEMENT_3D('',#719,#720,#721);
#719 = CARTESIAN_POINT('',(0.,0.,73.));
#720 = DIRECTION('',(0.,0.,1.));
#721 = DIRECTION('',(1.,0.,-0.));
#722 = ORIENTED_EDGE('',*,*,#723,.F.);
#723 = EDGE_CURVE('',#698,#715,#724,.T.);
#724 = LINE('',#725,#726);
#725 = CARTESIAN_POINT('',(-477.0814522136,218.65115584817,-1.));
#726 = VECTOR('',#727,1.);
#727 = DIRECTION('',(0.,0.,1.));
#728 = FACE_BOUND('',#729,.F.);
#729 = EDGE_LOOP('',(#730,#741,#749,#758));
#730 = ORIENTED_EDGE('',*,*,#731,.F.);
#731 = EDGE_CURVE('',#732,#734,#736,.T.);
#732 = VERTEX_POINT('',#733);
#733 = CARTESIAN_POINT('',(-524.7047169599,10.,48.));
#734 = VERTEX_POINT('',#735);
#735 = CARTESIAN_POINT('',(-524.7047169599,-10.,48.));
#736 = CIRCLE('',#737,524.8);
#737 = AXIS2_PLACEMENT_3D('',#738,#739,#740);
#738 = CARTESIAN_POINT('',(0.,0.,48.));
#739 = DIRECTION('',(0.,0.,1.));
#740 = DIRECTION('',(1.,0.,-0.));
#741 = ORIENTED_EDGE('',*,*,#742,.T.);
#742 = EDGE_CURVE('',#732,#743,#745,.T.);
#743 = VERTEX_POINT('',#744);
#744 = CARTESIAN_POINT('',(-524.7047169599,10.,73.));
#745 = LINE('',#746,#747);
#746 = CARTESIAN_POINT('',(-524.7047169599,10.,-1.));
#747 = VECTOR('',#748,1.);
#748 = DIRECTION('',(0.,0.,1.));
#749 = ORIENTED_EDGE('',*,*,#750,.T.);
#750 = EDGE_CURVE('',#743,#751,#753,.T.);
#751 = VERTEX_POINT('',#752);
#752 = CARTESIAN_POINT('',(-524.7047169599,-10.,73.));
#753 = CIRCLE('',#754,524.8);
#754 = AXIS2_PLACEMENT_3D('',#755,#756,#757);
#755 = CARTESIAN_POINT('',(0.,0.,73.));
#756 = DIRECTION('',(0.,0.,1.));
#757 = DIRECTION('',(1.,0.,-0.));
#758 = ORIENTED_EDGE('',*,*,#759,.F.);
#759 = EDGE_CURVE('',#734,#751,#760,.T.);
#760 = LINE('',#761,#762);
#761 = CARTESIAN_POINT('',(-524.7047169599,-10.,-1.));
#762 = VECTOR('',#763,1.);
#763 = DIRECTION('',(0.,0.,1.));
#764 = FACE_BOUND('',#765,.F.);
#765 = EDGE_LOOP('',(#766,#777,#785,#794));
#766 = ORIENTED_EDGE('',*,*,#767,.F.);
#767 = EDGE_CURVE('',#768,#770,#772,.T.);
#768 = VERTEX_POINT('',#769);
#769 = CARTESIAN_POINT('',(-477.0814522136,-218.6511558481,48.));
#770 = VERTEX_POINT('',#771);
#771 = CARTESIAN_POINT('',(-468.4037774312,-236.6705332062,48.));
#772 = CIRCLE('',#773,524.8);
#773 = AXIS2_PLACEMENT_3D('',#774,#775,#776);
#774 = CARTESIAN_POINT('',(0.,0.,48.));
#775 = DIRECTION('',(0.,0.,1.));
#776 = DIRECTION('',(1.,0.,-0.));
#777 = ORIENTED_EDGE('',*,*,#778,.T.);
#778 = EDGE_CURVE('',#768,#779,#781,.T.);
#779 = VERTEX_POINT('',#780);
#780 = CARTESIAN_POINT('',(-477.0814522136,-218.6511558481,73.));
#781 = LINE('',#782,#783);
#782 = CARTESIAN_POINT('',(-477.0814522136,-218.6511558481,-1.));
#783 = VECTOR('',#784,1.);
#784 = DIRECTION('',(0.,0.,1.));
#785 = ORIENTED_EDGE('',*,*,#786,.T.);
#786 = EDGE_CURVE('',#779,#787,#789,.T.);
#787 = VERTEX_POINT('',#788);
#788 = CARTESIAN_POINT('',(-468.4037774312,-236.6705332062,73.));
#789 = CIRCLE('',#790,524.8);
#790 = AXIS2_PLACEMENT_3D('',#791,#792,#793);
#791 = CARTESIAN_POINT('',(0.,0.,73.));
#792 = DIRECTION('',(0.,0.,1.));
#793 = DIRECTION('',(1.,0.,-0.));
#794 = ORIENTED_EDGE('',*,*,#795,.F.);
#795 = EDGE_CURVE('',#770,#787,#796,.T.);
#796 = LINE('',#797,#798);
#797 = CARTESIAN_POINT('',(-468.4037774312,-236.6705332062,-1.));
#798 = VECTOR('',#799,1.);
#799 = DIRECTION('',(0.,0.,1.));
#800 = FACE_BOUND('',#801,.F.);
#801 = EDGE_LOOP('',(#802,#813,#821,#830));
#802 = ORIENTED_EDGE('',*,*,#803,.F.);
#803 = EDGE_CURVE('',#804,#806,#808,.T.);
#804 = VERTEX_POINT('',#805);
#805 = CARTESIAN_POINT('',(-334.9663548363,-403.9957687001,48.));
#806 = VERTEX_POINT('',#807);
#807 = CARTESIAN_POINT('',(-319.329725187,-416.4655647373,48.));
#808 = CIRCLE('',#809,524.8);
#809 = AXIS2_PLACEMENT_3D('',#810,#811,#812);
#810 = CARTESIAN_POINT('',(0.,0.,48.));
#811 = DIRECTION('',(0.,0.,1.));
#812 = DIRECTION('',(1.,0.,-0.));
#813 = ORIENTED_EDGE('',*,*,#814,.T.);
#814 = EDGE_CURVE('',#804,#815,#817,.T.);
#815 = VERTEX_POINT('',#816);
#816 = CARTESIAN_POINT('',(-334.9663548363,-403.9957687001,73.));
#817 = LINE('',#818,#819);
#818 = CARTESIAN_POINT('',(-334.9663548363,-403.9957687001,-1.));
#819 = VECTOR('',#820,1.);
#820 = DIRECTION('',(0.,0.,1.));
#821 = ORIENTED_EDGE('',*,*,#822,.T.);
#822 = EDGE_CURVE('',#815,#823,#825,.T.);
#823 = VERTEX_POINT('',#824);
#824 = CARTESIAN_POINT('',(-319.329725187,-416.4655647373,73.));
#825 = CIRCLE('',#826,524.8);
#826 = AXIS2_PLACEMENT_3D('',#827,#828,#829);
#827 = CARTESIAN_POINT('',(0.,0.,73.));
#828 = DIRECTION('',(0.,0.,1.));
#829 = DIRECTION('',(1.,0.,-0.));
#830 = ORIENTED_EDGE('',*,*,#831,.F.);
#831 = EDGE_CURVE('',#806,#823,#832,.T.);
#832 = LINE('',#833,#834);
#833 = CARTESIAN_POINT('',(-319.329725187,-416.4655647373,-1.));
#834 = VECTOR('',#835,1.);
#835 = DIRECTION('',(0.,0.,1.));
#836 = FACE_BOUND('',#837,.F.);
#837 = EDGE_LOOP('',(#838,#849,#857,#866));
#838 = ORIENTED_EDGE('',*,*,#839,.F.);
#839 = EDGE_CURVE('',#840,#842,#844,.T.);
#840 = VERTEX_POINT('',#841);
#841 = CARTESIAN_POINT('',(-126.507062791,-509.3240648781,48.));
#842 = VERTEX_POINT('',#843);
#843 = CARTESIAN_POINT('',(-107.0085045473,-513.7744835572,48.));
#844 = CIRCLE('',#845,524.8);
#845 = AXIS2_PLACEMENT_3D('',#846,#847,#848);
#846 = CARTESIAN_POINT('',(0.,0.,48.));
#847 = DIRECTION('',(0.,0.,1.));
#848 = DIRECTION('',(1.,0.,-0.));
#849 = ORIENTED_EDGE('',*,*,#850,.T.);
#850 = EDGE_CURVE('',#840,#851,#853,.T.);
#851 = VERTEX_POINT('',#852);
#852 = CARTESIAN_POINT('',(-126.507062791,-509.3240648781,73.));
#853 = LINE('',#854,#855);
#854 = CARTESIAN_POINT('',(-126.507062791,-509.3240648781,-1.));
#855 = VECTOR('',#856,1.);
#856 = DIRECTION('',(0.,0.,1.));
#857 = ORIENTED_EDGE('',*,*,#858,.T.);
#858 = EDGE_CURVE('',#851,#859,#861,.T.);
#859 = VERTEX_POINT('',#860);
#860 = CARTESIAN_POINT('',(-107.0085045473,-513.7744835572,73.));
#861 = CIRCLE('',#862,524.8);
#862 = AXIS2_PLACEMENT_3D('',#863,#864,#865);
#863 = CARTESIAN_POINT('',(0.,0.,73.));
#864 = DIRECTION('',(0.,0.,1.));
#865 = DIRECTION('',(1.,0.,-0.));
#866 = ORIENTED_EDGE('',*,*,#867,.F.);
#867 = EDGE_CURVE('',#842,#859,#868,.T.);
#868 = LINE('',#869,#870);
#869 = CARTESIAN_POINT('',(-107.0085045473,-513.7744835572,-1.));
#870 = VECTOR('',#871,1.);
#871 = DIRECTION('',(0.,0.,1.));
#872 = FACE_BOUND('',#873,.F.);
#873 = EDGE_LOOP('',(#874,#885,#893,#902));
#874 = ORIENTED_EDGE('',*,*,#875,.F.);
#875 = EDGE_CURVE('',#876,#878,#880,.T.);
#876 = VERTEX_POINT('',#877);
#877 = CARTESIAN_POINT('',(107.00850454738,-513.7744835572,48.));
#878 = VERTEX_POINT('',#879);
#879 = CARTESIAN_POINT('',(126.50706279102,-509.3240648781,48.));
#880 = CIRCLE('',#881,524.8);
#881 = AXIS2_PLACEMENT_3D('',#882,#883,#884);
#882 = CARTESIAN_POINT('',(0.,0.,48.));
#883 = DIRECTION('',(0.,0.,1.));
#884 = DIRECTION('',(1.,0.,-0.));
#885 = ORIENTED_EDGE('',*,*,#886,.T.);
#886 = EDGE_CURVE('',#876,#887,#889,.T.);
#887 = VERTEX_POINT('',#888);
#888 = CARTESIAN_POINT('',(107.00850454738,-513.7744835572,73.));
#889 = LINE('',#890,#891);
#890 = CARTESIAN_POINT('',(107.00850454738,-513.7744835572,-1.));
#891 = VECTOR('',#892,1.);
#892 = DIRECTION('',(0.,0.,1.));
#893 = ORIENTED_EDGE('',*,*,#894,.T.);
#894 = EDGE_CURVE('',#887,#895,#897,.T.);
#895 = VERTEX_POINT('',#896);
#896 = CARTESIAN_POINT('',(126.50706279102,-509.3240648781,73.));
#897 = CIRCLE('',#898,524.8);
#898 = AXIS2_PLACEMENT_3D('',#899,#900,#901);
#899 = CARTESIAN_POINT('',(0.,0.,73.));
#900 = DIRECTION('',(0.,0.,1.));
#901 = DIRECTION('',(1.,0.,-0.));
#902 = ORIENTED_EDGE('',*,*,#903,.F.);
#903 = EDGE_CURVE('',#878,#895,#904,.T.);
#904 = LINE('',#905,#906);
#905 = CARTESIAN_POINT('',(126.50706279102,-509.3240648781,-1.));
#906 = VECTOR('',#907,1.);
#907 = DIRECTION('',(0.,0.,1.));
#908 = FACE_BOUND('',#909,.F.);
#909 = EDGE_LOOP('',(#910,#921,#929,#938));
#910 = ORIENTED_EDGE('',*,*,#911,.F.);
#911 = EDGE_CURVE('',#912,#914,#916,.T.);
#912 = VERTEX_POINT('',#913);
#913 = CARTESIAN_POINT('',(319.329725187,-416.4655647373,48.));
#914 = VERTEX_POINT('',#915);
#915 = CARTESIAN_POINT('',(334.96635483637,-403.9957687001,48.));
#916 = CIRCLE('',#917,524.8);
#917 = AXIS2_PLACEMENT_3D('',#918,#919,#920);
#918 = CARTESIAN_POINT('',(0.,0.,48.));
#919 = DIRECTION('',(0.,0.,1.));
#920 = DIRECTION('',(1.,0.,-0.));
#921 = ORIENTED_EDGE('',*,*,#922,.T.);
#922 = EDGE_CURVE('',#912,#923,#925,.T.);
#923 = VERTEX_POINT('',#924);
#924 = CARTESIAN_POINT('',(319.329725187,-416.4655647373,73.));
#925 = LINE('',#926,#927);
#926 = CARTESIAN_POINT('',(319.329725187,-416.4655647373,-1.));
#927 = VECTOR('',#928,1.);
#928 = DIRECTION('',(0.,0.,1.));
#929 = ORIENTED_EDGE('',*,*,#930,.T.);
#930 = EDGE_CURVE('',#923,#931,#933,.T.);
#931 = VERTEX_POINT('',#932);
#932 = CARTESIAN_POINT('',(334.96635483637,-403.9957687001,73.));
#933 = CIRCLE('',#934,524.8);
#934 = AXIS2_PLACEMENT_3D('',#935,#936,#937);
#935 = CARTESIAN_POINT('',(0.,0.,73.));
#936 = DIRECTION('',(0.,0.,1.));
#937 = DIRECTION('',(1.,0.,-0.));
#938 = ORIENTED_EDGE('',*,*,#939,.F.);
#939 = EDGE_CURVE('',#914,#931,#940,.T.);
#940 = LINE('',#941,#942);
#941 = CARTESIAN_POINT('',(334.96635483637,-403.9957687001,-1.));
#942 = VECTOR('',#943,1.);
#943 = DIRECTION('',(0.,0.,1.));
#944 = FACE_BOUND('',#945,.F.);
#945 = EDGE_LOOP('',(#946,#957,#965,#974));
#946 = ORIENTED_EDGE('',*,*,#947,.F.);
#947 = EDGE_CURVE('',#948,#950,#952,.T.);
#948 = VERTEX_POINT('',#949);
#949 = CARTESIAN_POINT('',(468.40377743127,-236.6705332062,48.));
#950 = VERTEX_POINT('',#951);
#951 = CARTESIAN_POINT('',(477.08145221362,-218.6511558481,48.));
#952 = CIRCLE('',#953,524.8);
#953 = AXIS2_PLACEMENT_3D('',#954,#955,#956);
#954 = CARTESIAN_POINT('',(0.,0.,48.));
#955 = DIRECTION('',(0.,0.,1.));
#956 = DIRECTION('',(1.,0.,-0.));
#957 = ORIENTED_EDGE('',*,*,#958,.T.);
#958 = EDGE_CURVE('',#948,#959,#961,.T.);
#959 = VERTEX_POINT('',#960);
#960 = CARTESIAN_POINT('',(468.40377743127,-236.6705332062,73.));
#961 = LINE('',#962,#963);
#962 = CARTESIAN_POINT('',(468.40377743127,-236.6705332062,-1.));
#963 = VECTOR('',#964,1.);
#964 = DIRECTION('',(0.,0.,1.));
#965 = ORIENTED_EDGE('',*,*,#966,.T.);
#966 = EDGE_CURVE('',#959,#967,#969,.T.);
#967 = VERTEX_POINT('',#968);
#968 = CARTESIAN_POINT('',(477.08145221362,-218.6511558481,73.));
#969 = CIRCLE('',#970,524.8);
#970 = AXIS2_PLACEMENT_3D('',#971,#972,#973);
#971 = CARTESIAN_POINT('',(0.,0.,73.));
#972 = DIRECTION('',(0.,0.,1.));
#973 = DIRECTION('',(1.,0.,-0.));
#974 = ORIENTED_EDGE('',*,*,#975,.F.);
#975 = EDGE_CURVE('',#950,#967,#976,.T.);
#976 = LINE('',#977,#978);
#977 = CARTESIAN_POINT('',(477.08145221362,-218.6511558481,-1.));
#978 = VECTOR('',#979,1.);
#979 = DIRECTION('',(0.,0.,1.));
#980 = CYLINDRICAL_SURFACE('',#981,524.8);
#981 = AXIS2_PLACEMENT_3D('',#982,#983,#984);
#982 = CARTESIAN_POINT('',(0.,0.,-1.));
#983 = DIRECTION('',(0.,0.,1.));
#984 = DIRECTION('',(1.,0.,-0.));
#985 = ADVANCED_FACE('',(#986),#1022,.F.);
#986 = FACE_BOUND('',#987,.F.);
#987 = EDGE_LOOP('',(#988,#996,#1005,#1014,#1020,#1021));
#988 = ORIENTED_EDGE('',*,*,#989,.F.);
#989 = EDGE_CURVE('',#990,#491,#992,.T.);
#990 = VERTEX_POINT('',#991);
#991 = CARTESIAN_POINT('',(114.76515150515,10.,48.));
#992 = LINE('',#993,#994);
#993 = CARTESIAN_POINT('',(76.8,10.,48.));
#994 = VECTOR('',#995,1.);
#995 = DIRECTION('',(1.,0.,0.));
#996 = ORIENTED_EDGE('',*,*,#997,.F.);
#997 = EDGE_CURVE('',#998,#990,#1000,.T.);
#998 = VERTEX_POINT('',#999);
#999 = CARTESIAN_POINT('',(115.2,-2.821586225236E-14,48.));
#1000 = CIRCLE('',#1001,115.2);
#1001 = AXIS2_PLACEMENT_3D('',#1002,#1003,#1004);
#1002 = CARTESIAN_POINT('',(0.,0.,48.));
#1003 = DIRECTION('',(0.,0.,1.));
#1004 = DIRECTION('',(1.,0.,-0.));
#1005 = ORIENTED_EDGE('',*,*,#1006,.F.);
#1006 = EDGE_CURVE('',#1007,#998,#1009,.T.);
#1007 = VERTEX_POINT('',#1008);
#1008 = CARTESIAN_POINT('',(114.76515150515,-10.,48.));
#1009 = CIRCLE('',#1010,115.2);
#1010 = AXIS2_PLACEMENT_3D('',#1011,#1012,#1013);
#1011 = CARTESIAN_POINT('',(0.,0.,48.));
#1012 = DIRECTION('',(0.,0.,1.));
#1013 = DIRECTION('',(1.,0.,-0.));
#1014 = ORIENTED_EDGE('',*,*,#1015,.T.);
#1015 = EDGE_CURVE('',#1007,#446,#1016,.T.);
#1016 = LINE('',#1017,#1018);
#1017 = CARTESIAN_POINT('',(76.8,-10.,48.));
#1018 = VECTOR('',#1019,1.);
#1019 = DIRECTION('',(1.,0.,0.));
#1020 = ORIENTED_EDGE('',*,*,#445,.T.);
#1021 = ORIENTED_EDGE('',*,*,#498,.T.);
#1022 = PLANE('',#1023);
#1023 = AXIS2_PLACEMENT_3D('',#1024,#1025,#1026);
#1024 = CARTESIAN_POINT('',(76.8,-10.,48.));
#1025 = DIRECTION('',(0.,0.,1.));
#1026 = DIRECTION('',(1.,0.,0.));
#1027 = ADVANCED_FACE('',(#1028),#1046,.T.);
#1028 = FACE_BOUND('',#1029,.T.);
#1029 = EDGE_LOOP('',(#1030,#1031,#1039,#1045));
#1030 = ORIENTED_EDGE('',*,*,#989,.F.);
#1031 = ORIENTED_EDGE('',*,*,#1032,.T.);
#1032 = EDGE_CURVE('',#990,#1033,#1035,.T.);
#1033 = VERTEX_POINT('',#1034);
#1034 = CARTESIAN_POINT('',(114.76515150515,10.,73.));
#1035 = LINE('',#1036,#1037);
#1036 = CARTESIAN_POINT('',(114.76515150515,10.,-5.));
#1037 = VECTOR('',#1038,1.);
#1038 = DIRECTION('',(0.,0.,1.));
#1039 = ORIENTED_EDGE('',*,*,#1040,.T.);
#1040 = EDGE_CURVE('',#1033,#482,#1041,.T.);
#1041 = LINE('',#1042,#1043);
#1042 = CARTESIAN_POINT('',(76.8,10.,73.));
#1043 = VECTOR('',#1044,1.);
#1044 = DIRECTION('',(1.,0.,0.));
#1045 = ORIENTED_EDGE('',*,*,#490,.F.);
#1046 = PLANE('',#1047);
#1047 = AXIS2_PLACEMENT_3D('',#1048,#1049,#1050);
#1048 = CARTESIAN_POINT('',(76.8,10.,48.));
#1049 = DIRECTION('',(0.,1.,0.));
#1050 = DIRECTION('',(0.,0.,1.));
#1051 = ADVANCED_FACE('',(#1052),#1081,.T.);
#1052 = FACE_BOUND('',#1053,.T.);
#1053 = EDGE_LOOP('',(#1054,#1055,#1064,#1073,#1079,#1080));
#1054 = ORIENTED_EDGE('',*,*,#1040,.F.);
#1055 = ORIENTED_EDGE('',*,*,#1056,.F.);
#1056 = EDGE_CURVE('',#1057,#1033,#1059,.T.);
#1057 = VERTEX_POINT('',#1058);
#1058 = CARTESIAN_POINT('',(115.2,-2.821586225236E-14,73.));
#1059 = CIRCLE('',#1060,115.2);
#1060 = AXIS2_PLACEMENT_3D('',#1061,#1062,#1063);
#1061 = CARTESIAN_POINT('',(0.,0.,73.));
#1062 = DIRECTION('',(0.,0.,1.));
#1063 = DIRECTION('',(1.,0.,-0.));
#1064 = ORIENTED_EDGE('',*,*,#1065,.F.);
#1065 = EDGE_CURVE('',#1066,#1057,#1068,.T.);
#1066 = VERTEX_POINT('',#1067);
#1067 = CARTESIAN_POINT('',(114.76515150515,-10.,73.));
#1068 = CIRCLE('',#1069,115.2);
#1069 = AXIS2_PLACEMENT_3D('',#1070,#1071,#1072);
#1070 = CARTESIAN_POINT('',(0.,0.,73.));
#1071 = DIRECTION('',(0.,0.,1.));
#1072 = DIRECTION('',(1.,0.,-0.));
#1073 = ORIENTED_EDGE('',*,*,#1074,.T.);
#1074 = EDGE_CURVE('',#1066,#457,#1075,.T.);
#1075 = LINE('',#1076,#1077);
#1076 = CARTESIAN_POINT('',(76.8,-10.,73.));
#1077 = VECTOR('',#1078,1.);
#1078 = DIRECTION('',(1.,0.,0.));
#1079 = ORIENTED_EDGE('',*,*,#464,.T.);
#1080 = ORIENTED_EDGE('',*,*,#481,.T.);
#1081 = PLANE('',#1082);
#1082 = AXIS2_PLACEMENT_3D('',#1083,#1084,#1085);
#1083 = CARTESIAN_POINT('',(76.8,-10.,73.));
#1084 = DIRECTION('',(0.,0.,1.));
#1085 = DIRECTION('',(1.,0.,0.));
#1086 = ADVANCED_FACE('',(#1087),#1098,.F.);
#1087 = FACE_BOUND('',#1088,.F.);
#1088 = EDGE_LOOP('',(#1089,#1090,#1096,#1097));
#1089 = ORIENTED_EDGE('',*,*,#1015,.F.);
#1090 = ORIENTED_EDGE('',*,*,#1091,.T.);
#1091 = EDGE_CURVE('',#1007,#1066,#1092,.T.);
#1092 = LINE('',#1093,#1094);
#1093 = CARTESIAN_POINT('',(114.76515150515,-10.,-5.));
#1094 = VECTOR('',#1095,1.);
#1095 = DIRECTION('',(0.,0.,1.));
#1096 = ORIENTED_EDGE('',*,*,#1074,.T.);
#1097 = ORIENTED_EDGE('',*,*,#456,.F.);
#1098 = PLANE('',#1099);
#1099 = AXIS2_PLACEMENT_3D('',#1100,#1101,#1102);
#1100 = CARTESIAN_POINT('',(76.8,-10.,48.));
#1101 = DIRECTION('',(0.,1.,0.));
#1102 = DIRECTION('',(0.,0.,1.));
#1103 = ADVANCED_FACE('',(#1104),#1130,.F.);
#1104 = FACE_BOUND('',#1105,.F.);
#1105 = EDGE_LOOP('',(#1106,#1114,#1123,#1129));
#1106 = ORIENTED_EDGE('',*,*,#1107,.F.);
#1107 = EDGE_CURVE('',#1108,#518,#1110,.T.);
#1108 = VERTEX_POINT('',#1109);
#1109 = CARTESIAN_POINT('',(99.060991235069,58.804421734472,48.));
#1110 = LINE('',#1111,#1112);
#1111 = CARTESIAN_POINT('',(64.85557166373,42.331959843253,48.));
#1112 = VECTOR('',#1113,1.);
#1113 = DIRECTION('',(0.900968867902,0.433883739118,0.));
#1114 = ORIENTED_EDGE('',*,*,#1115,.F.);
#1115 = EDGE_CURVE('',#1116,#1108,#1118,.T.);
#1116 = VERTEX_POINT('',#1117);
#1117 = CARTESIAN_POINT('',(107.73866601742,40.785044376423,48.));
#1118 = CIRCLE('',#1119,115.2);
#1119 = AXIS2_PLACEMENT_3D('',#1120,#1121,#1122);
#1120 = CARTESIAN_POINT('',(0.,0.,48.));
#1121 = DIRECTION('',(0.,0.,1.));
#1122 = DIRECTION('',(1.,0.,-0.));
#1123 = ORIENTED_EDGE('',*,*,#1124,.T.);
#1124 = EDGE_CURVE('',#1116,#516,#1125,.T.);
#1125 = LINE('',#1126,#1127);
#1126 = CARTESIAN_POINT('',(73.533246446081,24.312582485204,48.));
#1127 = VECTOR('',#1128,1.);
#1128 = DIRECTION('',(0.900968867902,0.433883739118,0.));
#1129 = ORIENTED_EDGE('',*,*,#515,.T.);
#1130 = PLANE('',#1131);
#1131 = AXIS2_PLACEMENT_3D('',#1132,#1133,#1134);
#1132 = CARTESIAN_POINT('',(73.533246446081,24.312582485204,48.));
#1133 = DIRECTION('',(0.,0.,1.));
#1134 = DIRECTION('',(0.900968867902,0.433883739118,0.));
#1135 = ADVANCED_FACE('',(#1136),#1154,.F.);
#1136 = FACE_BOUND('',#1137,.F.);
#1137 = EDGE_LOOP('',(#1138,#1139,#1147,#1153));
#1138 = ORIENTED_EDGE('',*,*,#1124,.F.);
#1139 = ORIENTED_EDGE('',*,*,#1140,.T.);
#1140 = EDGE_CURVE('',#1116,#1141,#1143,.T.);
#1141 = VERTEX_POINT('',#1142);
#1142 = CARTESIAN_POINT('',(107.73866601742,40.785044376423,73.));
#1143 = LINE('',#1144,#1145);
#1144 = CARTESIAN_POINT('',(107.73866601742,40.785044376423,-5.));
#1145 = VECTOR('',#1146,1.);
#1146 = DIRECTION('',(0.,0.,1.));
#1147 = ORIENTED_EDGE('',*,*,#1148,.T.);
#1148 = EDGE_CURVE('',#1141,#527,#1149,.T.);
#1149 = LINE('',#1150,#1151);
#1150 = CARTESIAN_POINT('',(73.533246446081,24.312582485204,73.));
#1151 = VECTOR('',#1152,1.);
#1152 = DIRECTION('',(0.900968867902,0.433883739118,0.));
#1153 = ORIENTED_EDGE('',*,*,#526,.F.);
#1154 = PLANE('',#1155);
#1155 = AXIS2_PLACEMENT_3D('',#1156,#1157,#1158);
#1156 = CARTESIAN_POINT('',(73.533246446081,24.312582485204,48.));
#1157 = DIRECTION('',(-0.433883739118,0.900968867902,0.));
#1158 = DIRECTION('',(0.,0.,1.));
#1159 = ADVANCED_FACE('',(#1160),#1178,.T.);
#1160 = FACE_BOUND('',#1161,.T.);
#1161 = EDGE_LOOP('',(#1162,#1163,#1171,#1177));
#1162 = ORIENTED_EDGE('',*,*,#1107,.F.);
#1163 = ORIENTED_EDGE('',*,*,#1164,.T.);
#1164 = EDGE_CURVE('',#1108,#1165,#1167,.T.);
#1165 = VERTEX_POINT('',#1166);
#1166 = CARTESIAN_POINT('',(99.060991235069,58.804421734472,73.));
#1167 = LINE('',#1168,#1169);
#1168 = CARTESIAN_POINT('',(99.060991235069,58.804421734472,-5.));
#1169 = VECTOR('',#1170,1.);
#1170 = DIRECTION('',(0.,0.,1.));
#1171 = ORIENTED_EDGE('',*,*,#1172,.T.);
#1172 = EDGE_CURVE('',#1165,#535,#1173,.T.);
#1173 = LINE('',#1174,#1175);
#1174 = CARTESIAN_POINT('',(64.85557166373,42.331959843253,73.));
#1175 = VECTOR('',#1176,1.);
#1176 = DIRECTION('',(0.900968867902,0.433883739118,0.));
#1177 = ORIENTED_EDGE('',*,*,#543,.F.);
#1178 = PLANE('',#1179);
#1179 = AXIS2_PLACEMENT_3D('',#1180,#1181,#1182);
#1180 = CARTESIAN_POINT('',(64.85557166373,42.331959843253,48.));
#1181 = DIRECTION('',(-0.433883739118,0.900968867902,0.));
#1182 = DIRECTION('',(0.,0.,1.));
#1183 = ADVANCED_FACE('',(#1184),#1196,.T.);
#1184 = FACE_BOUND('',#1185,.T.);
#1185 = EDGE_LOOP('',(#1186,#1187,#1194,#1195));
#1186 = ORIENTED_EDGE('',*,*,#1172,.F.);
#1187 = ORIENTED_EDGE('',*,*,#1188,.F.);
#1188 = EDGE_CURVE('',#1141,#1165,#1189,.T.);
#1189 = CIRCLE('',#1190,115.2);
#1190 = AXIS2_PLACEMENT_3D('',#1191,#1192,#1193);
#1191 = CARTESIAN_POINT('',(0.,0.,73.));
#1192 = DIRECTION('',(0.,0.,1.));
#1193 = DIRECTION('',(1.,0.,-0.));
#1194 = ORIENTED_EDGE('',*,*,#1148,.T.);
#1195 = ORIENTED_EDGE('',*,*,#534,.T.);
#1196 = PLANE('',#1197);
#1197 = AXIS2_PLACEMENT_3D('',#1198,#1199,#1200);
#1198 = CARTESIAN_POINT('',(73.533246446081,24.312582485204,73.));
#1199 = DIRECTION('',(0.,0.,1.));
#1200 = DIRECTION('',(0.900968867902,0.433883739118,0.));
#1201 = ADVANCED_FACE('',(#1202),#1228,.F.);
#1202 = FACE_BOUND('',#1203,.F.);
#1203 = EDGE_LOOP('',(#1204,#1212,#1221,#1227));
#1204 = ORIENTED_EDGE('',*,*,#1205,.F.);
#1205 = EDGE_CURVE('',#1206,#554,#1208,.T.);
#1206 = VERTEX_POINT('',#1207);
#1207 = CARTESIAN_POINT('',(63.736586747553,95.961906555527,48.));
#1208 = LINE('',#1209,#1210);
#1209 = CARTESIAN_POINT('',(40.06570195807,66.279555872132,48.));
#1210 = VECTOR('',#1211,1.);
#1211 = DIRECTION('',(0.623489801859,0.781831482468,0.));
#1212 = ORIENTED_EDGE('',*,*,#1213,.F.);
#1213 = EDGE_CURVE('',#1214,#1206,#1216,.T.);
#1214 = VERTEX_POINT('',#1215);
#1215 = CARTESIAN_POINT('',(79.373216396914,83.492110518352,48.));
#1216 = CIRCLE('',#1217,115.2);
#1217 = AXIS2_PLACEMENT_3D('',#1218,#1219,#1220);
#1218 = CARTESIAN_POINT('',(0.,0.,48.));
#1219 = DIRECTION('',(0.,0.,1.));
#1220 = DIRECTION('',(1.,0.,-0.));
#1221 = ORIENTED_EDGE('',*,*,#1222,.T.);
#1222 = EDGE_CURVE('',#1214,#552,#1223,.T.);
#1223 = LINE('',#1224,#1225);
#1224 = CARTESIAN_POINT('',(55.702331607431,53.809759834957,48.));
#1225 = VECTOR('',#1226,1.);
#1226 = DIRECTION('',(0.623489801859,0.781831482468,0.));
#1227 = ORIENTED_EDGE('',*,*,#551,.T.);
#1228 = PLANE('',#1229);
#1229 = AXIS2_PLACEMENT_3D('',#1230,#1231,#1232);
#1230 = CARTESIAN_POINT('',(55.702331607431,53.809759834957,48.));
#1231 = DIRECTION('',(0.,0.,1.));
#1232 = DIRECTION('',(0.623489801859,0.781831482468,0.));
#1233 = ADVANCED_FACE('',(#1234),#1252,.F.);
#1234 = FACE_BOUND('',#1235,.F.);
#1235 = EDGE_LOOP('',(#1236,#1237,#1245,#1251));
#1236 = ORIENTED_EDGE('',*,*,#1222,.F.);
#1237 = ORIENTED_EDGE('',*,*,#1238,.T.);
#1238 = EDGE_CURVE('',#1214,#1239,#1241,.T.);
#1239 = VERTEX_POINT('',#1240);
#1240 = CARTESIAN_POINT('',(79.373216396914,83.492110518352,73.));
#1241 = LINE('',#1242,#1243);
#1242 = CARTESIAN_POINT('',(79.373216396914,83.492110518352,-5.));
#1243 = VECTOR('',#1244,1.);
#1244 = DIRECTION('',(0.,0.,1.));
#1245 = ORIENTED_EDGE('',*,*,#1246,.T.);
#1246 = EDGE_CURVE('',#1239,#563,#1247,.T.);
#1247 = LINE('',#1248,#1249);
#1248 = CARTESIAN_POINT('',(55.702331607431,53.809759834957,73.));
#1249 = VECTOR('',#1250,1.);
#1250 = DIRECTION('',(0.623489801859,0.781831482468,0.));
#1251 = ORIENTED_EDGE('',*,*,#562,.F.);
#1252 = PLANE('',#1253);
#1253 = AXIS2_PLACEMENT_3D('',#1254,#1255,#1256);
#1254 = CARTESIAN_POINT('',(55.702331607431,53.809759834957,48.));
#1255 = DIRECTION('',(-0.781831482468,0.623489801859,0.));
#1256 = DIRECTION('',(0.,0.,1.));
#1257 = ADVANCED_FACE('',(#1258),#1276,.T.);
#1258 = FACE_BOUND('',#1259,.T.);
#1259 = EDGE_LOOP('',(#1260,#1261,#1269,#1275));
#1260 = ORIENTED_EDGE('',*,*,#1205,.F.);
#1261 = ORIENTED_EDGE('',*,*,#1262,.T.);
#1262 = EDGE_CURVE('',#1206,#1263,#1265,.T.);
#1263 = VERTEX_POINT('',#1264);
#1264 = CARTESIAN_POINT('',(63.736586747553,95.961906555527,73.));
#1265 = LINE('',#1266,#1267);
#1266 = CARTESIAN_POINT('',(63.736586747553,95.961906555527,-5.));
#1267 = VECTOR('',#1268,1.);
#1268 = DIRECTION('',(0.,0.,1.));
#1269 = ORIENTED_EDGE('',*,*,#1270,.T.);
#1270 = EDGE_CURVE('',#1263,#571,#1271,.T.);
#1271 = LINE('',#1272,#1273);
#1272 = CARTESIAN_POINT('',(40.06570195807,66.279555872132,73.));
#1273 = VECTOR('',#1274,1.);
#1274 = DIRECTION('',(0.623489801859,0.781831482468,0.));
#1275 = ORIENTED_EDGE('',*,*,#579,.F.);
#1276 = PLANE('',#1277);
#1277 = AXIS2_PLACEMENT_3D('',#1278,#1279,#1280);
#1278 = CARTESIAN_POINT('',(40.06570195807,66.279555872132,48.));
#1279 = DIRECTION('',(-0.781831482468,0.623489801859,0.));
#1280 = DIRECTION('',(0.,0.,1.));
#1281 = ADVANCED_FACE('',(#1282),#1294,.T.);
#1282 = FACE_BOUND('',#1283,.T.);
#1283 = EDGE_LOOP('',(#1284,#1285,#1292,#1293));
#1284 = ORIENTED_EDGE('',*,*,#1270,.F.);
#1285 = ORIENTED_EDGE('',*,*,#1286,.F.);
#1286 = EDGE_CURVE('',#1239,#1263,#1287,.T.);
#1287 = CIRCLE('',#1288,115.2);
#1288 = AXIS2_PLACEMENT_3D('',#1289,#1290,#1291);
#1289 = CARTESIAN_POINT('',(0.,0.,73.));
#1290 = DIRECTION('',(0.,0.,1.));
#1291 = DIRECTION('',(1.,0.,-0.));
#1292 = ORIENTED_EDGE('',*,*,#1246,.T.);
#1293 = ORIENTED_EDGE('',*,*,#570,.T.);
#1294 = PLANE('',#1295);
#1295 = AXIS2_PLACEMENT_3D('',#1296,#1297,#1298);
#1296 = CARTESIAN_POINT('',(55.702331607431,53.809759834957,73.));
#1297 = DIRECTION('',(0.,0.,1.));
#1298 = DIRECTION('',(0.623489801859,0.781831482468,0.));
#1299 = ADVANCED_FACE('',(#1300),#1326,.F.);
#1300 = FACE_BOUND('',#1301,.F.);
#1301 = EDGE_LOOP('',(#1302,#1310,#1319,#1325));
#1302 = ORIENTED_EDGE('',*,*,#1303,.F.);
#1303 = EDGE_CURVE('',#1304,#590,#1306,.T.);
#1304 = VERTEX_POINT('',#1305);
#1305 = CARTESIAN_POINT('',(15.788369576746,114.11295888771,48.));
#1306 = LINE('',#1307,#1308);
#1307 = CARTESIAN_POINT('',(7.340328606027,77.099672995127,48.));
#1308 = VECTOR('',#1309,1.);
#1309 = DIRECTION('',(0.222520933956,0.974927912182,0.));
#1310 = ORIENTED_EDGE('',*,*,#1311,.F.);
#1311 = EDGE_CURVE('',#1312,#1304,#1314,.T.);
#1312 = VERTEX_POINT('',#1313);
#1313 = CARTESIAN_POINT('',(35.286927820382,109.66254020858,48.));
#1314 = CIRCLE('',#1315,115.2);
#1315 = AXIS2_PLACEMENT_3D('',#1316,#1317,#1318);
#1316 = CARTESIAN_POINT('',(0.,0.,48.));
#1317 = DIRECTION('',(0.,0.,1.));
#1318 = DIRECTION('',(1.,0.,-0.));
#1319 = ORIENTED_EDGE('',*,*,#1320,.T.);
#1320 = EDGE_CURVE('',#1312,#588,#1321,.T.);
#1321 = LINE('',#1322,#1323);
#1322 = CARTESIAN_POINT('',(26.838886849663,72.649254316001,48.));
#1323 = VECTOR('',#1324,1.);
#1324 = DIRECTION('',(0.222520933956,0.974927912182,0.));
#1325 = ORIENTED_EDGE('',*,*,#587,.T.);
#1326 = PLANE('',#1327);
#1327 = AXIS2_PLACEMENT_3D('',#1328,#1329,#1330);
#1328 = CARTESIAN_POINT('',(26.838886849663,72.649254316001,48.));
#1329 = DIRECTION('',(0.,0.,1.));
#1330 = DIRECTION('',(0.222520933956,0.974927912182,0.));
#1331 = ADVANCED_FACE('',(#1332),#1350,.F.);
#1332 = FACE_BOUND('',#1333,.F.);
#1333 = EDGE_LOOP('',(#1334,#1335,#1343,#1349));
#1334 = ORIENTED_EDGE('',*,*,#1320,.F.);
#1335 = ORIENTED_EDGE('',*,*,#1336,.T.);
#1336 = EDGE_CURVE('',#1312,#1337,#1339,.T.);
#1337 = VERTEX_POINT('',#1338);
#1338 = CARTESIAN_POINT('',(35.286927820382,109.66254020858,73.));
#1339 = LINE('',#1340,#1341);
#1340 = CARTESIAN_POINT('',(35.286927820382,109.66254020858,-5.));
#1341 = VECTOR('',#1342,1.);
#1342 = DIRECTION('',(0.,0.,1.));
#1343 = ORIENTED_EDGE('',*,*,#1344,.T.);
#1344 = EDGE_CURVE('',#1337,#599,#1345,.T.);
#1345 = LINE('',#1346,#1347);
#1346 = CARTESIAN_POINT('',(26.838886849663,72.649254316001,73.));
#1347 = VECTOR('',#1348,1.);
#1348 = DIRECTION('',(0.222520933956,0.974927912182,0.));
#1349 = ORIENTED_EDGE('',*,*,#598,.F.);
#1350 = PLANE('',#1351);
#1351 = AXIS2_PLACEMENT_3D('',#1352,#1353,#1354);
#1352 = CARTESIAN_POINT('',(26.838886849663,72.649254316001,48.));
#1353 = DIRECTION('',(-0.974927912182,0.222520933956,0.));
#1354 = DIRECTION('',(0.,0.,1.));
#1355 = ADVANCED_FACE('',(#1356),#1374,.T.);
#1356 = FACE_BOUND('',#1357,.T.);
#1357 = EDGE_LOOP('',(#1358,#1359,#1367,#1373));
#1358 = ORIENTED_EDGE('',*,*,#1303,.F.);
#1359 = ORIENTED_EDGE('',*,*,#1360,.T.);
#1360 = EDGE_CURVE('',#1304,#1361,#1363,.T.);
#1361 = VERTEX_POINT('',#1362);
#1362 = CARTESIAN_POINT('',(15.788369576746,114.11295888771,73.));
#1363 = LINE('',#1364,#1365);
#1364 = CARTESIAN_POINT('',(15.788369576746,114.11295888771,-5.));
#1365 = VECTOR('',#1366,1.);
#1366 = DIRECTION('',(0.,0.,1.));
#1367 = ORIENTED_EDGE('',*,*,#1368,.T.);
#1368 = EDGE_CURVE('',#1361,#607,#1369,.T.);
#1369 = LINE('',#1370,#1371);
#1370 = CARTESIAN_POINT('',(7.340328606027,77.099672995127,73.));
#1371 = VECTOR('',#1372,1.);
#1372 = DIRECTION('',(0.222520933956,0.974927912182,0.));
#1373 = ORIENTED_EDGE('',*,*,#615,.F.);
#1374 = PLANE('',#1375);
#1375 = AXIS2_PLACEMENT_3D('',#1376,#1377,#1378);
#1376 = CARTESIAN_POINT('',(7.340328606027,77.099672995127,48.));
#1377 = DIRECTION('',(-0.974927912182,0.222520933956,0.));
#1378 = DIRECTION('',(0.,0.,1.));
#1379 = ADVANCED_FACE('',(#1380),#1392,.T.);
#1380 = FACE_BOUND('',#1381,.T.);
#1381 = EDGE_LOOP('',(#1382,#1383,#1390,#1391));
#1382 = ORIENTED_EDGE('',*,*,#1368,.F.);
#1383 = ORIENTED_EDGE('',*,*,#1384,.F.);
#1384 = EDGE_CURVE('',#1337,#1361,#1385,.T.);
#1385 = CIRCLE('',#1386,115.2);
#1386 = AXIS2_PLACEMENT_3D('',#1387,#1388,#1389);
#1387 = CARTESIAN_POINT('',(0.,0.,73.));
#1388 = DIRECTION('',(0.,0.,1.));
#1389 = DIRECTION('',(1.,0.,-0.));
#1390 = ORIENTED_EDGE('',*,*,#1344,.T.);
#1391 = ORIENTED_EDGE('',*,*,#606,.T.);
#1392 = PLANE('',#1393);
#1393 = AXIS2_PLACEMENT_3D('',#1394,#1395,#1396);
#1394 = CARTESIAN_POINT('',(26.838886849663,72.649254316001,73.));
#1395 = DIRECTION('',(0.,0.,1.));
#1396 = DIRECTION('',(0.222520933956,0.974927912182,0.));
#1397 = ADVANCED_FACE('',(#1398),#1424,.F.);
#1398 = FACE_BOUND('',#1399,.F.);
#1399 = EDGE_LOOP('',(#1400,#1408,#1417,#1423));
#1400 = ORIENTED_EDGE('',*,*,#1401,.F.);
#1401 = EDGE_CURVE('',#1402,#626,#1404,.T.);
#1402 = VERTEX_POINT('',#1403);
#1403 = CARTESIAN_POINT('',(-35.28692782038,109.66254020858,48.));
#1404 = LINE('',#1405,#1406);
#1405 = CARTESIAN_POINT('',(-26.83888684966,72.649254316001,48.));
#1406 = VECTOR('',#1407,1.);
#1407 = DIRECTION('',(-0.222520933956,0.974927912182,0.));
#1408 = ORIENTED_EDGE('',*,*,#1409,.F.);
#1409 = EDGE_CURVE('',#1410,#1402,#1412,.T.);
#1410 = VERTEX_POINT('',#1411);
#1411 = CARTESIAN_POINT('',(-15.78836957674,114.11295888771,48.));
#1412 = CIRCLE('',#1413,115.2);
#1413 = AXIS2_PLACEMENT_3D('',#1414,#1415,#1416);
#1414 = CARTESIAN_POINT('',(0.,0.,48.));
#1415 = DIRECTION('',(0.,0.,1.));
#1416 = DIRECTION('',(1.,0.,-0.));
#1417 = ORIENTED_EDGE('',*,*,#1418,.T.);
#1418 = EDGE_CURVE('',#1410,#624,#1419,.T.);
#1419 = LINE('',#1420,#1421);
#1420 = CARTESIAN_POINT('',(-7.340328606027,77.099672995127,48.));
#1421 = VECTOR('',#1422,1.);
#1422 = DIRECTION('',(-0.222520933956,0.974927912182,0.));
#1423 = ORIENTED_EDGE('',*,*,#623,.T.);
#1424 = PLANE('',#1425);
#1425 = AXIS2_PLACEMENT_3D('',#1426,#1427,#1428);
#1426 = CARTESIAN_POINT('',(-7.340328606027,77.099672995127,48.));
#1427 = DIRECTION('',(0.,0.,1.));
#1428 = DIRECTION('',(-0.222520933956,0.974927912182,0.));
#1429 = ADVANCED_FACE('',(#1430),#1448,.F.);
#1430 = FACE_BOUND('',#1431,.F.);
#1431 = EDGE_LOOP('',(#1432,#1433,#1441,#1447));
#1432 = ORIENTED_EDGE('',*,*,#1418,.F.);
#1433 = ORIENTED_EDGE('',*,*,#1434,.T.);
#1434 = EDGE_CURVE('',#1410,#1435,#1437,.T.);
#1435 = VERTEX_POINT('',#1436);
#1436 = CARTESIAN_POINT('',(-15.78836957674,114.11295888771,73.));
#1437 = LINE('',#1438,#1439);
#1438 = CARTESIAN_POINT('',(-15.78836957674,114.11295888771,-5.));
#1439 = VECTOR('',#1440,1.);
#1440 = DIRECTION('',(0.,0.,1.));
#1441 = ORIENTED_EDGE('',*,*,#1442,.T.);
#1442 = EDGE_CURVE('',#1435,#635,#1443,.T.);
#1443 = LINE('',#1444,#1445);
#1444 = CARTESIAN_POINT('',(-7.340328606027,77.099672995127,73.));
#1445 = VECTOR('',#1446,1.);
#1446 = DIRECTION('',(-0.222520933956,0.974927912182,0.));
#1447 = ORIENTED_EDGE('',*,*,#634,.F.);
#1448 = PLANE('',#1449);
#1449 = AXIS2_PLACEMENT_3D('',#1450,#1451,#1452);
#1450 = CARTESIAN_POINT('',(-7.340328606027,77.099672995127,48.));
#1451 = DIRECTION('',(-0.974927912182,-0.222520933956,0.));
#1452 = DIRECTION('',(0.,0.,1.));
#1453 = ADVANCED_FACE('',(#1454),#1472,.T.);
#1454 = FACE_BOUND('',#1455,.T.);
#1455 = EDGE_LOOP('',(#1456,#1457,#1465,#1471));
#1456 = ORIENTED_EDGE('',*,*,#1401,.F.);
#1457 = ORIENTED_EDGE('',*,*,#1458,.T.);
#1458 = EDGE_CURVE('',#1402,#1459,#1461,.T.);
#1459 = VERTEX_POINT('',#1460);
#1460 = CARTESIAN_POINT('',(-35.28692782038,109.66254020858,73.));
#1461 = LINE('',#1462,#1463);
#1462 = CARTESIAN_POINT('',(-35.28692782038,109.66254020858,-5.));
#1463 = VECTOR('',#1464,1.);
#1464 = DIRECTION('',(0.,0.,1.));
#1465 = ORIENTED_EDGE('',*,*,#1466,.T.);
#1466 = EDGE_CURVE('',#1459,#643,#1467,.T.);
#1467 = LINE('',#1468,#1469);
#1468 = CARTESIAN_POINT('',(-26.83888684966,72.649254316001,73.));
#1469 = VECTOR('',#1470,1.);
#1470 = DIRECTION('',(-0.222520933956,0.974927912182,0.));
#1471 = ORIENTED_EDGE('',*,*,#651,.F.);
#1472 = PLANE('',#1473);
#1473 = AXIS2_PLACEMENT_3D('',#1474,#1475,#1476);
#1474 = CARTESIAN_POINT('',(-26.83888684966,72.649254316001,48.));
#1475 = DIRECTION('',(-0.974927912182,-0.222520933956,0.));
#1476 = DIRECTION('',(0.,0.,1.));
#1477 = ADVANCED_FACE('',(#1478),#1490,.T.);
#1478 = FACE_BOUND('',#1479,.T.);
#1479 = EDGE_LOOP('',(#1480,#1481,#1488,#1489));
#1480 = ORIENTED_EDGE('',*,*,#1466,.F.);
#1481 = ORIENTED_EDGE('',*,*,#1482,.F.);
#1482 = EDGE_CURVE('',#1435,#1459,#1483,.T.);
#1483 = CIRCLE('',#1484,115.2);
#1484 = AXIS2_PLACEMENT_3D('',#1485,#1486,#1487);
#1485 = CARTESIAN_POINT('',(0.,0.,73.));
#1486 = DIRECTION('',(0.,0.,1.));
#1487 = DIRECTION('',(1.,0.,-0.));
#1488 = ORIENTED_EDGE('',*,*,#1442,.T.);
#1489 = ORIENTED_EDGE('',*,*,#642,.T.);
#1490 = PLANE('',#1491);
#1491 = AXIS2_PLACEMENT_3D('',#1492,#1493,#1494);
#1492 = CARTESIAN_POINT('',(-7.340328606027,77.099672995127,73.));
#1493 = DIRECTION('',(0.,0.,1.));
#1494 = DIRECTION('',(-0.222520933956,0.974927912182,0.));
#1495 = ADVANCED_FACE('',(#1496),#1522,.F.);
#1496 = FACE_BOUND('',#1497,.F.);
#1497 = EDGE_LOOP('',(#1498,#1506,#1515,#1521));
#1498 = ORIENTED_EDGE('',*,*,#1499,.F.);
#1499 = EDGE_CURVE('',#1500,#662,#1502,.T.);
#1500 = VERTEX_POINT('',#1501);
#1501 = CARTESIAN_POINT('',(-79.37321639691,83.492110518352,48.));
#1502 = LINE('',#1503,#1504);
#1503 = CARTESIAN_POINT('',(-55.70233160743,53.809759834957,48.));
#1504 = VECTOR('',#1505,1.);
#1505 = DIRECTION('',(-0.623489801859,0.781831482468,0.));
#1506 = ORIENTED_EDGE('',*,*,#1507,.F.);
#1507 = EDGE_CURVE('',#1508,#1500,#1510,.T.);
#1508 = VERTEX_POINT('',#1509);
#1509 = CARTESIAN_POINT('',(-63.73658674755,95.961906555527,48.));
#1510 = CIRCLE('',#1511,115.2);
#1511 = AXIS2_PLACEMENT_3D('',#1512,#1513,#1514);
#1512 = CARTESIAN_POINT('',(0.,0.,48.));
#1513 = DIRECTION('',(0.,0.,1.));
#1514 = DIRECTION('',(1.,0.,-0.));
#1515 = ORIENTED_EDGE('',*,*,#1516,.T.);
#1516 = EDGE_CURVE('',#1508,#660,#1517,.T.);
#1517 = LINE('',#1518,#1519);
#1518 = CARTESIAN_POINT('',(-40.06570195807,66.279555872132,48.));
#1519 = VECTOR('',#1520,1.);
#1520 = DIRECTION('',(-0.623489801859,0.781831482468,0.));
#1521 = ORIENTED_EDGE('',*,*,#659,.T.);
#1522 = PLANE('',#1523);
#1523 = AXIS2_PLACEMENT_3D('',#1524,#1525,#1526);
#1524 = CARTESIAN_POINT('',(-40.06570195807,66.279555872132,48.));
#1525 = DIRECTION('',(0.,0.,1.));
#1526 = DIRECTION('',(-0.623489801859,0.781831482468,0.));
#1527 = ADVANCED_FACE('',(#1528),#1546,.F.);
#1528 = FACE_BOUND('',#1529,.F.);
#1529 = EDGE_LOOP('',(#1530,#1531,#1539,#1545));
#1530 = ORIENTED_EDGE('',*,*,#1516,.F.);
#1531 = ORIENTED_EDGE('',*,*,#1532,.T.);
#1532 = EDGE_CURVE('',#1508,#1533,#1535,.T.);
#1533 = VERTEX_POINT('',#1534);
#1534 = CARTESIAN_POINT('',(-63.73658674755,95.961906555527,73.));
#1535 = LINE('',#1536,#1537);
#1536 = CARTESIAN_POINT('',(-63.73658674755,95.961906555527,-5.));
#1537 = VECTOR('',#1538,1.);
#1538 = DIRECTION('',(0.,0.,1.));
#1539 = ORIENTED_EDGE('',*,*,#1540,.T.);
#1540 = EDGE_CURVE('',#1533,#671,#1541,.T.);
#1541 = LINE('',#1542,#1543);
#1542 = CARTESIAN_POINT('',(-40.06570195807,66.279555872132,73.));
#1543 = VECTOR('',#1544,1.);
#1544 = DIRECTION('',(-0.623489801859,0.781831482468,0.));
#1545 = ORIENTED_EDGE('',*,*,#670,.F.);
#1546 = PLANE('',#1547);
#1547 = AXIS2_PLACEMENT_3D('',#1548,#1549,#1550);
#1548 = CARTESIAN_POINT('',(-40.06570195807,66.279555872132,48.));
#1549 = DIRECTION('',(-0.781831482468,-0.623489801859,0.));
#1550 = DIRECTION('',(0.,0.,1.));
#1551 = ADVANCED_FACE('',(#1552),#1570,.T.);
#1552 = FACE_BOUND('',#1553,.T.);
#1553 = EDGE_LOOP('',(#1554,#1555,#1563,#1569));
#1554 = ORIENTED_EDGE('',*,*,#1499,.F.);
#1555 = ORIENTED_EDGE('',*,*,#1556,.T.);
#1556 = EDGE_CURVE('',#1500,#1557,#1559,.T.);
#1557 = VERTEX_POINT('',#1558);
#1558 = CARTESIAN_POINT('',(-79.37321639691,83.492110518352,73.));
#1559 = LINE('',#1560,#1561);
#1560 = CARTESIAN_POINT('',(-79.37321639691,83.492110518352,-5.));
#1561 = VECTOR('',#1562,1.);
#1562 = DIRECTION('',(0.,0.,1.));
#1563 = ORIENTED_EDGE('',*,*,#1564,.T.);
#1564 = EDGE_CURVE('',#1557,#679,#1565,.T.);
#1565 = LINE('',#1566,#1567);
#1566 = CARTESIAN_POINT('',(-55.70233160743,53.809759834957,73.));
#1567 = VECTOR('',#1568,1.);
#1568 = DIRECTION('',(-0.623489801859,0.781831482468,0.));
#1569 = ORIENTED_EDGE('',*,*,#687,.F.);
#1570 = PLANE('',#1571);
#1571 = AXIS2_PLACEMENT_3D('',#1572,#1573,#1574);
#1572 = CARTESIAN_POINT('',(-55.70233160743,53.809759834957,48.));
#1573 = DIRECTION('',(-0.781831482468,-0.623489801859,0.));
#1574 = DIRECTION('',(0.,0.,1.));
#1575 = ADVANCED_FACE('',(#1576),#1588,.T.);
#1576 = FACE_BOUND('',#1577,.T.);
#1577 = EDGE_LOOP('',(#1578,#1579,#1586,#1587));
#1578 = ORIENTED_EDGE('',*,*,#1564,.F.);
#1579 = ORIENTED_EDGE('',*,*,#1580,.F.);
#1580 = EDGE_CURVE('',#1533,#1557,#1581,.T.);
#1581 = CIRCLE('',#1582,115.2);
#1582 = AXIS2_PLACEMENT_3D('',#1583,#1584,#1585);
#1583 = CARTESIAN_POINT('',(0.,0.,73.));
#1584 = DIRECTION('',(0.,0.,1.));
#1585 = DIRECTION('',(1.,0.,-0.));
#1586 = ORIENTED_EDGE('',*,*,#1540,.T.);
#1587 = ORIENTED_EDGE('',*,*,#678,.T.);
#1588 = PLANE('',#1589);
#1589 = AXIS2_PLACEMENT_3D('',#1590,#1591,#1592);
#1590 = CARTESIAN_POINT('',(-40.06570195807,66.279555872132,73.));
#1591 = DIRECTION('',(0.,0.,1.));
#1592 = DIRECTION('',(-0.623489801859,0.781831482468,0.));
#1593 = ADVANCED_FACE('',(#1594),#1620,.F.);
#1594 = FACE_BOUND('',#1595,.F.);
#1595 = EDGE_LOOP('',(#1596,#1604,#1613,#1619));
#1596 = ORIENTED_EDGE('',*,*,#1597,.F.);
#1597 = EDGE_CURVE('',#1598,#698,#1600,.T.);
#1598 = VERTEX_POINT('',#1599);
#1599 = CARTESIAN_POINT('',(-107.7386660174,40.785044376423,48.));
#1600 = LINE('',#1601,#1602);
#1601 = CARTESIAN_POINT('',(-73.53324644608,24.312582485204,48.));
#1602 = VECTOR('',#1603,1.);
#1603 = DIRECTION('',(-0.900968867902,0.433883739118,0.));
#1604 = ORIENTED_EDGE('',*,*,#1605,.F.);
#1605 = EDGE_CURVE('',#1606,#1598,#1608,.T.);
#1606 = VERTEX_POINT('',#1607);
#1607 = CARTESIAN_POINT('',(-99.06099123506,58.804421734472,48.));
#1608 = CIRCLE('',#1609,115.2);
#1609 = AXIS2_PLACEMENT_3D('',#1610,#1611,#1612);
#1610 = CARTESIAN_POINT('',(0.,0.,48.));
#1611 = DIRECTION('',(0.,0.,1.));
#1612 = DIRECTION('',(1.,0.,-0.));
#1613 = ORIENTED_EDGE('',*,*,#1614,.T.);
#1614 = EDGE_CURVE('',#1606,#696,#1615,.T.);
#1615 = LINE('',#1616,#1617);
#1616 = CARTESIAN_POINT('',(-64.85557166373,42.331959843253,48.));
#1617 = VECTOR('',#1618,1.);
#1618 = DIRECTION('',(-0.900968867902,0.433883739118,0.));
#1619 = ORIENTED_EDGE('',*,*,#695,.T.);
#1620 = PLANE('',#1621);
#1621 = AXIS2_PLACEMENT_3D('',#1622,#1623,#1624);
#1622 = CARTESIAN_POINT('',(-64.85557166373,42.331959843253,48.));
#1623 = DIRECTION('',(0.,0.,1.));
#1624 = DIRECTION('',(-0.900968867902,0.433883739118,0.));
#1625 = ADVANCED_FACE('',(#1626),#1644,.F.);
#1626 = FACE_BOUND('',#1627,.F.);
#1627 = EDGE_LOOP('',(#1628,#1629,#1637,#1643));
#1628 = ORIENTED_EDGE('',*,*,#1614,.F.);
#1629 = ORIENTED_EDGE('',*,*,#1630,.T.);
#1630 = EDGE_CURVE('',#1606,#1631,#1633,.T.);
#1631 = VERTEX_POINT('',#1632);
#1632 = CARTESIAN_POINT('',(-99.06099123506,58.804421734472,73.));
#1633 = LINE('',#1634,#1635);
#1634 = CARTESIAN_POINT('',(-99.06099123506,58.804421734472,-5.));
#1635 = VECTOR('',#1636,1.);
#1636 = DIRECTION('',(0.,0.,1.));
#1637 = ORIENTED_EDGE('',*,*,#1638,.T.);
#1638 = EDGE_CURVE('',#1631,#707,#1639,.T.);
#1639 = LINE('',#1640,#1641);
#1640 = CARTESIAN_POINT('',(-64.85557166373,42.331959843253,73.));
#1641 = VECTOR('',#1642,1.);
#1642 = DIRECTION('',(-0.900968867902,0.433883739118,0.));
#1643 = ORIENTED_EDGE('',*,*,#706,.F.);
#1644 = PLANE('',#1645);
#1645 = AXIS2_PLACEMENT_3D('',#1646,#1647,#1648);
#1646 = CARTESIAN_POINT('',(-64.85557166373,42.331959843253,48.));
#1647 = DIRECTION('',(-0.433883739118,-0.900968867902,0.));
#1648 = DIRECTION('',(0.,0.,1.));
#1649 = ADVANCED_FACE('',(#1650),#1668,.T.);
#1650 = FACE_BOUND('',#1651,.T.);
#1651 = EDGE_LOOP('',(#1652,#1653,#1661,#1667));
#1652 = ORIENTED_EDGE('',*,*,#1597,.F.);
#1653 = ORIENTED_EDGE('',*,*,#1654,.T.);
#1654 = EDGE_CURVE('',#1598,#1655,#1657,.T.);
#1655 = VERTEX_POINT('',#1656);
#1656 = CARTESIAN_POINT('',(-107.7386660174,40.785044376423,73.));
#1657 = LINE('',#1658,#1659);
#1658 = CARTESIAN_POINT('',(-107.7386660174,40.785044376423,-5.));
#1659 = VECTOR('',#1660,1.);
#1660 = DIRECTION('',(0.,0.,1.));
#1661 = ORIENTED_EDGE('',*,*,#1662,.T.);
#1662 = EDGE_CURVE('',#1655,#715,#1663,.T.);
#1663 = LINE('',#1664,#1665);
#1664 = CARTESIAN_POINT('',(-73.53324644608,24.312582485204,73.));
#1665 = VECTOR('',#1666,1.);
#1666 = DIRECTION('',(-0.900968867902,0.433883739118,0.));
#1667 = ORIENTED_EDGE('',*,*,#723,.F.);
#1668 = PLANE('',#1669);
#1669 = AXIS2_PLACEMENT_3D('',#1670,#1671,#1672);
#1670 = CARTESIAN_POINT('',(-73.53324644608,24.312582485204,48.));
#1671 = DIRECTION('',(-0.433883739118,-0.900968867902,0.));
#1672 = DIRECTION('',(0.,0.,1.));
#1673 = ADVANCED_FACE('',(#1674),#1686,.T.);
#1674 = FACE_BOUND('',#1675,.T.);
#1675 = EDGE_LOOP('',(#1676,#1677,#1684,#1685));
#1676 = ORIENTED_EDGE('',*,*,#1662,.F.);
#1677 = ORIENTED_EDGE('',*,*,#1678,.F.);
#1678 = EDGE_CURVE('',#1631,#1655,#1679,.T.);
#1679 = CIRCLE('',#1680,115.2);
#1680 = AXIS2_PLACEMENT_3D('',#1681,#1682,#1683);
#1681 = CARTESIAN_POINT('',(0.,0.,73.));
#1682 = DIRECTION('',(0.,0.,1.));
#1683 = DIRECTION('',(1.,0.,-0.));
#1684 = ORIENTED_EDGE('',*,*,#1638,.T.);
#1685 = ORIENTED_EDGE('',*,*,#714,.T.);
#1686 = PLANE('',#1687);
#1687 = AXIS2_PLACEMENT_3D('',#1688,#1689,#1690);
#1688 = CARTESIAN_POINT('',(-64.85557166373,42.331959843253,73.));
#1689 = DIRECTION('',(0.,0.,1.));
#1690 = DIRECTION('',(-0.900968867902,0.433883739118,0.));
#1691 = ADVANCED_FACE('',(#1692),#1718,.F.);
#1692 = FACE_BOUND('',#1693,.F.);
#1693 = EDGE_LOOP('',(#1694,#1702,#1711,#1717));
#1694 = ORIENTED_EDGE('',*,*,#1695,.F.);
#1695 = EDGE_CURVE('',#1696,#734,#1698,.T.);
#1696 = VERTEX_POINT('',#1697);
#1697 = CARTESIAN_POINT('',(-114.7651515051,-10.,48.));
#1698 = LINE('',#1699,#1700);
#1699 = CARTESIAN_POINT('',(-76.8,-10.,48.));
#1700 = VECTOR('',#1701,1.);
#1701 = DIRECTION('',(-1.,1.224646799147E-16,0.));
#1702 = ORIENTED_EDGE('',*,*,#1703,.F.);
#1703 = EDGE_CURVE('',#1704,#1696,#1706,.T.);
#1704 = VERTEX_POINT('',#1705);
#1705 = CARTESIAN_POINT('',(-114.7651515051,10.,48.));
#1706 = CIRCLE('',#1707,115.2);
#1707 = AXIS2_PLACEMENT_3D('',#1708,#1709,#1710);
#1708 = CARTESIAN_POINT('',(0.,0.,48.));
#1709 = DIRECTION('',(0.,0.,1.));
#1710 = DIRECTION('',(1.,0.,-0.));
#1711 = ORIENTED_EDGE('',*,*,#1712,.T.);
#1712 = EDGE_CURVE('',#1704,#732,#1713,.T.);
#1713 = LINE('',#1714,#1715);
#1714 = CARTESIAN_POINT('',(-76.8,10.,48.));
#1715 = VECTOR('',#1716,1.);
#1716 = DIRECTION('',(-1.,1.224646799147E-16,0.));
#1717 = ORIENTED_EDGE('',*,*,#731,.T.);
#1718 = PLANE('',#1719);
#1719 = AXIS2_PLACEMENT_3D('',#1720,#1721,#1722);
#1720 = CARTESIAN_POINT('',(-76.8,10.,48.));
#1721 = DIRECTION('',(0.,0.,1.));
#1722 = DIRECTION('',(-1.,1.224646799147E-16,0.));
#1723 = ADVANCED_FACE('',(#1724),#1742,.F.);
#1724 = FACE_BOUND('',#1725,.F.);
#1725 = EDGE_LOOP('',(#1726,#1727,#1735,#1741));
#1726 = ORIENTED_EDGE('',*,*,#1712,.F.);
#1727 = ORIENTED_EDGE('',*,*,#1728,.T.);
#1728 = EDGE_CURVE('',#1704,#1729,#1731,.T.);
#1729 = VERTEX_POINT('',#1730);
#1730 = CARTESIAN_POINT('',(-114.7651515051,10.,73.));
#1731 = LINE('',#1732,#1733);
#1732 = CARTESIAN_POINT('',(-114.7651515051,10.,-5.));
#1733 = VECTOR('',#1734,1.);
#1734 = DIRECTION('',(0.,0.,1.));
#1735 = ORIENTED_EDGE('',*,*,#1736,.T.);
#1736 = EDGE_CURVE('',#1729,#743,#1737,.T.);
#1737 = LINE('',#1738,#1739);
#1738 = CARTESIAN_POINT('',(-76.8,10.,73.));
#1739 = VECTOR('',#1740,1.);
#1740 = DIRECTION('',(-1.,1.224646799147E-16,0.));
#1741 = ORIENTED_EDGE('',*,*,#742,.F.);
#1742 = PLANE('',#1743);
#1743 = AXIS2_PLACEMENT_3D('',#1744,#1745,#1746);
#1744 = CARTESIAN_POINT('',(-76.8,10.,48.));
#1745 = DIRECTION('',(-1.224646799147E-16,-1.,0.));
#1746 = DIRECTION('',(0.,0.,1.));
#1747 = ADVANCED_FACE('',(#1748),#1766,.T.);
#1748 = FACE_BOUND('',#1749,.T.);
#1749 = EDGE_LOOP('',(#1750,#1751,#1759,#1765));
#1750 = ORIENTED_EDGE('',*,*,#1695,.F.);
#1751 = ORIENTED_EDGE('',*,*,#1752,.T.);
#1752 = EDGE_CURVE('',#1696,#1753,#1755,.T.);
#1753 = VERTEX_POINT('',#1754);
#1754 = CARTESIAN_POINT('',(-114.7651515051,-10.,73.));
#1755 = LINE('',#1756,#1757);
#1756 = CARTESIAN_POINT('',(-114.7651515051,-10.,-5.));
#1757 = VECTOR('',#1758,1.);
#1758 = DIRECTION('',(0.,0.,1.));
#1759 = ORIENTED_EDGE('',*,*,#1760,.T.);
#1760 = EDGE_CURVE('',#1753,#751,#1761,.T.);
#1761 = LINE('',#1762,#1763);
#1762 = CARTESIAN_POINT('',(-76.8,-10.,73.));
#1763 = VECTOR('',#1764,1.);
#1764 = DIRECTION('',(-1.,1.224646799147E-16,0.));
#1765 = ORIENTED_EDGE('',*,*,#759,.F.);
#1766 = PLANE('',#1767);
#1767 = AXIS2_PLACEMENT_3D('',#1768,#1769,#1770);
#1768 = CARTESIAN_POINT('',(-76.8,-10.,48.));
#1769 = DIRECTION('',(-1.224646799147E-16,-1.,0.));
#1770 = DIRECTION('',(0.,0.,1.));
#1771 = ADVANCED_FACE('',(#1772),#1784,.T.);
#1772 = FACE_BOUND('',#1773,.T.);
#1773 = EDGE_LOOP('',(#1774,#1775,#1782,#1783));
#1774 = ORIENTED_EDGE('',*,*,#1760,.F.);
#1775 = ORIENTED_EDGE('',*,*,#1776,.F.);
#1776 = EDGE_CURVE('',#1729,#1753,#1777,.T.);
#1777 = CIRCLE('',#1778,115.2);
#1778 = AXIS2_PLACEMENT_3D('',#1779,#1780,#1781);
#1779 = CARTESIAN_POINT('',(0.,0.,73.));
#1780 = DIRECTION('',(0.,0.,1.));
#1781 = DIRECTION('',(1.,0.,-0.));
#1782 = ORIENTED_EDGE('',*,*,#1736,.T.);
#1783 = ORIENTED_EDGE('',*,*,#750,.T.);
#1784 = PLANE('',#1785);
#1785 = AXIS2_PLACEMENT_3D('',#1786,#1787,#1788);
#1786 = CARTESIAN_POINT('',(-76.8,10.,73.));
#1787 = DIRECTION('',(0.,0.,1.));
#1788 = DIRECTION('',(-1.,1.224646799147E-16,0.));
#1789 = ADVANCED_FACE('',(#1790),#1816,.F.);
#1790 = FACE_BOUND('',#1791,.F.);
#1791 = EDGE_LOOP('',(#1792,#1800,#1809,#1815));
#1792 = ORIENTED_EDGE('',*,*,#1793,.F.);
#1793 = EDGE_CURVE('',#1794,#770,#1796,.T.);
#1794 = VERTEX_POINT('',#1795);
#1795 = CARTESIAN_POINT('',(-99.06099123506,-58.80442173447,48.));
#1796 = LINE('',#1797,#1798);
#1797 = CARTESIAN_POINT('',(-64.85557166373,-42.33195984325,48.));
#1798 = VECTOR('',#1799,1.);
#1799 = DIRECTION('',(-0.900968867902,-0.433883739118,0.));
#1800 = ORIENTED_EDGE('',*,*,#1801,.F.);
#1801 = EDGE_CURVE('',#1802,#1794,#1804,.T.);
#1802 = VERTEX_POINT('',#1803);
#1803 = CARTESIAN_POINT('',(-107.7386660174,-40.78504437642,48.));
#1804 = CIRCLE('',#1805,115.2);
#1805 = AXIS2_PLACEMENT_3D('',#1806,#1807,#1808);
#1806 = CARTESIAN_POINT('',(0.,0.,48.));
#1807 = DIRECTION('',(0.,0.,1.));
#1808 = DIRECTION('',(1.,0.,-0.));
#1809 = ORIENTED_EDGE('',*,*,#1810,.T.);
#1810 = EDGE_CURVE('',#1802,#768,#1811,.T.);
#1811 = LINE('',#1812,#1813);
#1812 = CARTESIAN_POINT('',(-73.53324644608,-24.3125824852,48.));
#1813 = VECTOR('',#1814,1.);
#1814 = DIRECTION('',(-0.900968867902,-0.433883739118,0.));
#1815 = ORIENTED_EDGE('',*,*,#767,.T.);
#1816 = PLANE('',#1817);
#1817 = AXIS2_PLACEMENT_3D('',#1818,#1819,#1820);
#1818 = CARTESIAN_POINT('',(-73.53324644608,-24.3125824852,48.));
#1819 = DIRECTION('',(0.,0.,1.));
#1820 = DIRECTION('',(-0.900968867902,-0.433883739118,0.));
#1821 = ADVANCED_FACE('',(#1822),#1840,.F.);
#1822 = FACE_BOUND('',#1823,.F.);
#1823 = EDGE_LOOP('',(#1824,#1825,#1833,#1839));
#1824 = ORIENTED_EDGE('',*,*,#1810,.F.);
#1825 = ORIENTED_EDGE('',*,*,#1826,.T.);
#1826 = EDGE_CURVE('',#1802,#1827,#1829,.T.);
#1827 = VERTEX_POINT('',#1828);
#1828 = CARTESIAN_POINT('',(-107.7386660174,-40.78504437642,73.));
#1829 = LINE('',#1830,#1831);
#1830 = CARTESIAN_POINT('',(-107.7386660174,-40.78504437642,-5.));
#1831 = VECTOR('',#1832,1.);
#1832 = DIRECTION('',(0.,0.,1.));
#1833 = ORIENTED_EDGE('',*,*,#1834,.T.);
#1834 = EDGE_CURVE('',#1827,#779,#1835,.T.);
#1835 = LINE('',#1836,#1837);
#1836 = CARTESIAN_POINT('',(-73.53324644608,-24.3125824852,73.));
#1837 = VECTOR('',#1838,1.);
#1838 = DIRECTION('',(-0.900968867902,-0.433883739118,0.));
#1839 = ORIENTED_EDGE('',*,*,#778,.F.);
#1840 = PLANE('',#1841);
#1841 = AXIS2_PLACEMENT_3D('',#1842,#1843,#1844);
#1842 = CARTESIAN_POINT('',(-73.53324644608,-24.3125824852,48.));
#1843 = DIRECTION('',(0.433883739118,-0.900968867902,0.));
#1844 = DIRECTION('',(0.,0.,1.));
#1845 = ADVANCED_FACE('',(#1846),#1864,.T.);
#1846 = FACE_BOUND('',#1847,.T.);
#1847 = EDGE_LOOP('',(#1848,#1849,#1857,#1863));
#1848 = ORIENTED_EDGE('',*,*,#1793,.F.);
#1849 = ORIENTED_EDGE('',*,*,#1850,.T.);
#1850 = EDGE_CURVE('',#1794,#1851,#1853,.T.);
#1851 = VERTEX_POINT('',#1852);
#1852 = CARTESIAN_POINT('',(-99.06099123506,-58.80442173447,73.));
#1853 = LINE('',#1854,#1855);
#1854 = CARTESIAN_POINT('',(-99.06099123506,-58.80442173447,-5.));
#1855 = VECTOR('',#1856,1.);
#1856 = DIRECTION('',(0.,0.,1.));
#1857 = ORIENTED_EDGE('',*,*,#1858,.T.);
#1858 = EDGE_CURVE('',#1851,#787,#1859,.T.);
#1859 = LINE('',#1860,#1861);
#1860 = CARTESIAN_POINT('',(-64.85557166373,-42.33195984325,73.));
#1861 = VECTOR('',#1862,1.);
#1862 = DIRECTION('',(-0.900968867902,-0.433883739118,0.));
#1863 = ORIENTED_EDGE('',*,*,#795,.F.);
#1864 = PLANE('',#1865);
#1865 = AXIS2_PLACEMENT_3D('',#1866,#1867,#1868);
#1866 = CARTESIAN_POINT('',(-64.85557166373,-42.33195984325,48.));
#1867 = DIRECTION('',(0.433883739118,-0.900968867902,0.));
#1868 = DIRECTION('',(0.,0.,1.));
#1869 = ADVANCED_FACE('',(#1870),#1882,.T.);
#1870 = FACE_BOUND('',#1871,.T.);
#1871 = EDGE_LOOP('',(#1872,#1873,#1880,#1881));
#1872 = ORIENTED_EDGE('',*,*,#1858,.F.);
#1873 = ORIENTED_EDGE('',*,*,#1874,.F.);
#1874 = EDGE_CURVE('',#1827,#1851,#1875,.T.);
#1875 = CIRCLE('',#1876,115.2);
#1876 = AXIS2_PLACEMENT_3D('',#1877,#1878,#1879);
#1877 = CARTESIAN_POINT('',(0.,0.,73.));
#1878 = DIRECTION('',(0.,0.,1.));
#1879 = DIRECTION('',(1.,0.,-0.));
#1880 = ORIENTED_EDGE('',*,*,#1834,.T.);
#1881 = ORIENTED_EDGE('',*,*,#786,.T.);
#1882 = PLANE('',#1883);
#1883 = AXIS2_PLACEMENT_3D('',#1884,#1885,#1886);
#1884 = CARTESIAN_POINT('',(-73.53324644608,-24.3125824852,73.));
#1885 = DIRECTION('',(0.,0.,1.));
#1886 = DIRECTION('',(-0.900968867902,-0.433883739118,0.));
#1887 = ADVANCED_FACE('',(#1888),#1914,.F.);
#1888 = FACE_BOUND('',#1889,.F.);
#1889 = EDGE_LOOP('',(#1890,#1898,#1907,#1913));
#1890 = ORIENTED_EDGE('',*,*,#1891,.F.);
#1891 = EDGE_CURVE('',#1892,#806,#1894,.T.);
#1892 = VERTEX_POINT('',#1893);
#1893 = CARTESIAN_POINT('',(-63.73658674755,-95.96190655552,48.));
#1894 = LINE('',#1895,#1896);
#1895 = CARTESIAN_POINT('',(-40.06570195807,-66.27955587213,48.));
#1896 = VECTOR('',#1897,1.);
#1897 = DIRECTION('',(-0.623489801859,-0.781831482468,0.));
#1898 = ORIENTED_EDGE('',*,*,#1899,.F.);
#1899 = EDGE_CURVE('',#1900,#1892,#1902,.T.);
#1900 = VERTEX_POINT('',#1901);
#1901 = CARTESIAN_POINT('',(-79.37321639691,-83.49211051835,48.));
#1902 = CIRCLE('',#1903,115.2);
#1903 = AXIS2_PLACEMENT_3D('',#1904,#1905,#1906);
#1904 = CARTESIAN_POINT('',(0.,0.,48.));
#1905 = DIRECTION('',(0.,0.,1.));
#1906 = DIRECTION('',(1.,0.,-0.));
#1907 = ORIENTED_EDGE('',*,*,#1908,.T.);
#1908 = EDGE_CURVE('',#1900,#804,#1909,.T.);
#1909 = LINE('',#1910,#1911);
#1910 = CARTESIAN_POINT('',(-55.70233160743,-53.80975983495,48.));
#1911 = VECTOR('',#1912,1.);
#1912 = DIRECTION('',(-0.623489801859,-0.781831482468,0.));
#1913 = ORIENTED_EDGE('',*,*,#803,.T.);
#1914 = PLANE('',#1915);
#1915 = AXIS2_PLACEMENT_3D('',#1916,#1917,#1918);
#1916 = CARTESIAN_POINT('',(-55.70233160743,-53.80975983495,48.));
#1917 = DIRECTION('',(0.,0.,1.));
#1918 = DIRECTION('',(-0.623489801859,-0.781831482468,0.));
#1919 = ADVANCED_FACE('',(#1920),#1938,.F.);
#1920 = FACE_BOUND('',#1921,.F.);
#1921 = EDGE_LOOP('',(#1922,#1923,#1931,#1937));
#1922 = ORIENTED_EDGE('',*,*,#1908,.F.);
#1923 = ORIENTED_EDGE('',*,*,#1924,.T.);
#1924 = EDGE_CURVE('',#1900,#1925,#1927,.T.);
#1925 = VERTEX_POINT('',#1926);
#1926 = CARTESIAN_POINT('',(-79.37321639691,-83.49211051835,73.));
#1927 = LINE('',#1928,#1929);
#1928 = CARTESIAN_POINT('',(-79.37321639691,-83.49211051835,-5.));
#1929 = VECTOR('',#1930,1.);
#1930 = DIRECTION('',(0.,0.,1.));
#1931 = ORIENTED_EDGE('',*,*,#1932,.T.);
#1932 = EDGE_CURVE('',#1925,#815,#1933,.T.);
#1933 = LINE('',#1934,#1935);
#1934 = CARTESIAN_POINT('',(-55.70233160743,-53.80975983495,73.));
#1935 = VECTOR('',#1936,1.);
#1936 = DIRECTION('',(-0.623489801859,-0.781831482468,0.));
#1937 = ORIENTED_EDGE('',*,*,#814,.F.);
#1938 = PLANE('',#1939);
#1939 = AXIS2_PLACEMENT_3D('',#1940,#1941,#1942);
#1940 = CARTESIAN_POINT('',(-55.70233160743,-53.80975983495,48.));
#1941 = DIRECTION('',(0.781831482468,-0.623489801859,0.));
#1942 = DIRECTION('',(0.,0.,1.));
#1943 = ADVANCED_FACE('',(#1944),#1962,.T.);
#1944 = FACE_BOUND('',#1945,.T.);
#1945 = EDGE_LOOP('',(#1946,#1947,#1955,#1961));
#1946 = ORIENTED_EDGE('',*,*,#1891,.F.);
#1947 = ORIENTED_EDGE('',*,*,#1948,.T.);
#1948 = EDGE_CURVE('',#1892,#1949,#1951,.T.);
#1949 = VERTEX_POINT('',#1950);
#1950 = CARTESIAN_POINT('',(-63.73658674755,-95.96190655552,73.));
#1951 = LINE('',#1952,#1953);
#1952 = CARTESIAN_POINT('',(-63.73658674755,-95.96190655552,-5.));
#1953 = VECTOR('',#1954,1.);
#1954 = DIRECTION('',(0.,0.,1.));
#1955 = ORIENTED_EDGE('',*,*,#1956,.T.);
#1956 = EDGE_CURVE('',#1949,#823,#1957,.T.);
#1957 = LINE('',#1958,#1959);
#1958 = CARTESIAN_POINT('',(-40.06570195807,-66.27955587213,73.));
#1959 = VECTOR('',#1960,1.);
#1960 = DIRECTION('',(-0.623489801859,-0.781831482468,0.));
#1961 = ORIENTED_EDGE('',*,*,#831,.F.);
#1962 = PLANE('',#1963);
#1963 = AXIS2_PLACEMENT_3D('',#1964,#1965,#1966);
#1964 = CARTESIAN_POINT('',(-40.06570195807,-66.27955587213,48.));
#1965 = DIRECTION('',(0.781831482468,-0.623489801859,0.));
#1966 = DIRECTION('',(0.,0.,1.));
#1967 = ADVANCED_FACE('',(#1968),#1980,.T.);
#1968 = FACE_BOUND('',#1969,.T.);
#1969 = EDGE_LOOP('',(#1970,#1971,#1978,#1979));
#1970 = ORIENTED_EDGE('',*,*,#1956,.F.);
#1971 = ORIENTED_EDGE('',*,*,#1972,.F.);
#1972 = EDGE_CURVE('',#1925,#1949,#1973,.T.);
#1973 = CIRCLE('',#1974,115.2);
#1974 = AXIS2_PLACEMENT_3D('',#1975,#1976,#1977);
#1975 = CARTESIAN_POINT('',(0.,0.,73.));
#1976 = DIRECTION('',(0.,0.,1.));
#1977 = DIRECTION('',(1.,0.,-0.));
#1978 = ORIENTED_EDGE('',*,*,#1932,.T.);
#1979 = ORIENTED_EDGE('',*,*,#822,.T.);
#1980 = PLANE('',#1981);
#1981 = AXIS2_PLACEMENT_3D('',#1982,#1983,#1984);
#1982 = CARTESIAN_POINT('',(-55.70233160743,-53.80975983495,73.));
#1983 = DIRECTION('',(0.,0.,1.));
#1984 = DIRECTION('',(-0.623489801859,-0.781831482468,0.));
#1985 = ADVANCED_FACE('',(#1986),#2012,.F.);
#1986 = FACE_BOUND('',#1987,.F.);
#1987 = EDGE_LOOP('',(#1988,#1996,#2005,#2011));
#1988 = ORIENTED_EDGE('',*,*,#1989,.F.);
#1989 = EDGE_CURVE('',#1990,#842,#1992,.T.);
#1990 = VERTEX_POINT('',#1991);
#1991 = CARTESIAN_POINT('',(-15.78836957674,-114.1129588877,48.));
#1992 = LINE('',#1993,#1994);
#1993 = CARTESIAN_POINT('',(-7.340328606027,-77.09967299512,48.));
#1994 = VECTOR('',#1995,1.);
#1995 = DIRECTION('',(-0.222520933956,-0.974927912182,0.));
#1996 = ORIENTED_EDGE('',*,*,#1997,.F.);
#1997 = EDGE_CURVE('',#1998,#1990,#2000,.T.);
#1998 = VERTEX_POINT('',#1999);
#1999 = CARTESIAN_POINT('',(-35.28692782038,-109.6625402085,48.));
#2000 = CIRCLE('',#2001,115.2);
#2001 = AXIS2_PLACEMENT_3D('',#2002,#2003,#2004);
#2002 = CARTESIAN_POINT('',(0.,0.,48.));
#2003 = DIRECTION('',(0.,0.,1.));
#2004 = DIRECTION('',(1.,0.,-0.));
#2005 = ORIENTED_EDGE('',*,*,#2006,.T.);
#2006 = EDGE_CURVE('',#1998,#840,#2007,.T.);
#2007 = LINE('',#2008,#2009);
#2008 = CARTESIAN_POINT('',(-26.83888684966,-72.649254316,48.));
#2009 = VECTOR('',#2010,1.);
#2010 = DIRECTION('',(-0.222520933956,-0.974927912182,0.));
#2011 = ORIENTED_EDGE('',*,*,#839,.T.);
#2012 = PLANE('',#2013);
#2013 = AXIS2_PLACEMENT_3D('',#2014,#2015,#2016);
#2014 = CARTESIAN_POINT('',(-26.83888684966,-72.649254316,48.));
#2015 = DIRECTION('',(0.,0.,1.));
#2016 = DIRECTION('',(-0.222520933956,-0.974927912182,0.));
#2017 = ADVANCED_FACE('',(#2018),#2036,.F.);
#2018 = FACE_BOUND('',#2019,.F.);
#2019 = EDGE_LOOP('',(#2020,#2021,#2029,#2035));
#2020 = ORIENTED_EDGE('',*,*,#2006,.F.);
#2021 = ORIENTED_EDGE('',*,*,#2022,.T.);
#2022 = EDGE_CURVE('',#1998,#2023,#2025,.T.);
#2023 = VERTEX_POINT('',#2024);
#2024 = CARTESIAN_POINT('',(-35.28692782038,-109.6625402085,73.));
#2025 = LINE('',#2026,#2027);
#2026 = CARTESIAN_POINT('',(-35.28692782038,-109.6625402085,-5.));
#2027 = VECTOR('',#2028,1.);
#2028 = DIRECTION('',(0.,0.,1.));
#2029 = ORIENTED_EDGE('',*,*,#2030,.T.);
#2030 = EDGE_CURVE('',#2023,#851,#2031,.T.);
#2031 = LINE('',#2032,#2033);
#2032 = CARTESIAN_POINT('',(-26.83888684966,-72.649254316,73.));
#2033 = VECTOR('',#2034,1.);
#2034 = DIRECTION('',(-0.222520933956,-0.974927912182,0.));
#2035 = ORIENTED_EDGE('',*,*,#850,.F.);
#2036 = PLANE('',#2037);
#2037 = AXIS2_PLACEMENT_3D('',#2038,#2039,#2040);
#2038 = CARTESIAN_POINT('',(-26.83888684966,-72.649254316,48.));
#2039 = DIRECTION('',(0.974927912182,-0.222520933956,0.));
#2040 = DIRECTION('',(0.,0.,1.));
#2041 = ADVANCED_FACE('',(#2042),#2060,.T.);
#2042 = FACE_BOUND('',#2043,.T.);
#2043 = EDGE_LOOP('',(#2044,#2045,#2053,#2059));
#2044 = ORIENTED_EDGE('',*,*,#1989,.F.);
#2045 = ORIENTED_EDGE('',*,*,#2046,.T.);
#2046 = EDGE_CURVE('',#1990,#2047,#2049,.T.);
#2047 = VERTEX_POINT('',#2048);
#2048 = CARTESIAN_POINT('',(-15.78836957674,-114.1129588877,73.));
#2049 = LINE('',#2050,#2051);
#2050 = CARTESIAN_POINT('',(-15.78836957674,-114.1129588877,-5.));
#2051 = VECTOR('',#2052,1.);
#2052 = DIRECTION('',(0.,0.,1.));
#2053 = ORIENTED_EDGE('',*,*,#2054,.T.);
#2054 = EDGE_CURVE('',#2047,#859,#2055,.T.);
#2055 = LINE('',#2056,#2057);
#2056 = CARTESIAN_POINT('',(-7.340328606027,-77.09967299512,73.));
#2057 = VECTOR('',#2058,1.);
#2058 = DIRECTION('',(-0.222520933956,-0.974927912182,0.));
#2059 = ORIENTED_EDGE('',*,*,#867,.F.);
#2060 = PLANE('',#2061);
#2061 = AXIS2_PLACEMENT_3D('',#2062,#2063,#2064);
#2062 = CARTESIAN_POINT('',(-7.340328606027,-77.09967299512,48.));
#2063 = DIRECTION('',(0.974927912182,-0.222520933956,0.));
#2064 = DIRECTION('',(0.,0.,1.));
#2065 = ADVANCED_FACE('',(#2066),#2078,.T.);
#2066 = FACE_BOUND('',#2067,.T.);
#2067 = EDGE_LOOP('',(#2068,#2069,#2076,#2077));
#2068 = ORIENTED_EDGE('',*,*,#2054,.F.);
#2069 = ORIENTED_EDGE('',*,*,#2070,.F.);
#2070 = EDGE_CURVE('',#2023,#2047,#2071,.T.);
#2071 = CIRCLE('',#2072,115.2);
#2072 = AXIS2_PLACEMENT_3D('',#2073,#2074,#2075);
#2073 = CARTESIAN_POINT('',(0.,0.,73.));
#2074 = DIRECTION('',(0.,0.,1.));
#2075 = DIRECTION('',(1.,0.,-0.));
#2076 = ORIENTED_EDGE('',*,*,#2030,.T.);
#2077 = ORIENTED_EDGE('',*,*,#858,.T.);
#2078 = PLANE('',#2079);
#2079 = AXIS2_PLACEMENT_3D('',#2080,#2081,#2082);
#2080 = CARTESIAN_POINT('',(-26.83888684966,-72.649254316,73.));
#2081 = DIRECTION('',(0.,0.,1.));
#2082 = DIRECTION('',(-0.222520933956,-0.974927912182,0.));
#2083 = ADVANCED_FACE('',(#2084),#2110,.F.);
#2084 = FACE_BOUND('',#2085,.F.);
#2085 = EDGE_LOOP('',(#2086,#2094,#2103,#2109));
#2086 = ORIENTED_EDGE('',*,*,#2087,.F.);
#2087 = EDGE_CURVE('',#2088,#878,#2090,.T.);
#2088 = VERTEX_POINT('',#2089);
#2089 = CARTESIAN_POINT('',(35.286927820382,-109.6625402085,48.));
#2090 = LINE('',#2091,#2092);
#2091 = CARTESIAN_POINT('',(26.838886849663,-72.649254316,48.));
#2092 = VECTOR('',#2093,1.);
#2093 = DIRECTION('',(0.222520933956,-0.974927912182,0.));
#2094 = ORIENTED_EDGE('',*,*,#2095,.F.);
#2095 = EDGE_CURVE('',#2096,#2088,#2098,.T.);
#2096 = VERTEX_POINT('',#2097);
#2097 = CARTESIAN_POINT('',(15.788369576746,-114.1129588877,48.));
#2098 = CIRCLE('',#2099,115.2);
#2099 = AXIS2_PLACEMENT_3D('',#2100,#2101,#2102);
#2100 = CARTESIAN_POINT('',(0.,0.,48.));
#2101 = DIRECTION('',(0.,0.,1.));
#2102 = DIRECTION('',(1.,0.,-0.));
#2103 = ORIENTED_EDGE('',*,*,#2104,.T.);
#2104 = EDGE_CURVE('',#2096,#876,#2105,.T.);
#2105 = LINE('',#2106,#2107);
#2106 = CARTESIAN_POINT('',(7.340328606027,-77.09967299512,48.));
#2107 = VECTOR('',#2108,1.);
#2108 = DIRECTION('',(0.222520933956,-0.974927912182,0.));
#2109 = ORIENTED_EDGE('',*,*,#875,.T.);
#2110 = PLANE('',#2111);
#2111 = AXIS2_PLACEMENT_3D('',#2112,#2113,#2114);
#2112 = CARTESIAN_POINT('',(7.340328606027,-77.09967299512,48.));
#2113 = DIRECTION('',(0.,0.,1.));
#2114 = DIRECTION('',(0.222520933956,-0.974927912182,0.));
#2115 = ADVANCED_FACE('',(#2116),#2134,.F.);
#2116 = FACE_BOUND('',#2117,.F.);
#2117 = EDGE_LOOP('',(#2118,#2119,#2127,#2133));
#2118 = ORIENTED_EDGE('',*,*,#2104,.F.);
#2119 = ORIENTED_EDGE('',*,*,#2120,.T.);
#2120 = EDGE_CURVE('',#2096,#2121,#2123,.T.);
#2121 = VERTEX_POINT('',#2122);
#2122 = CARTESIAN_POINT('',(15.788369576746,-114.1129588877,73.));
#2123 = LINE('',#2124,#2125);
#2124 = CARTESIAN_POINT('',(15.788369576746,-114.1129588877,-5.));
#2125 = VECTOR('',#2126,1.);
#2126 = DIRECTION('',(0.,0.,1.));
#2127 = ORIENTED_EDGE('',*,*,#2128,.T.);
#2128 = EDGE_CURVE('',#2121,#887,#2129,.T.);
#2129 = LINE('',#2130,#2131);
#2130 = CARTESIAN_POINT('',(7.340328606027,-77.09967299512,73.));
#2131 = VECTOR('',#2132,1.);
#2132 = DIRECTION('',(0.222520933956,-0.974927912182,0.));
#2133 = ORIENTED_EDGE('',*,*,#886,.F.);
#2134 = PLANE('',#2135);
#2135 = AXIS2_PLACEMENT_3D('',#2136,#2137,#2138);
#2136 = CARTESIAN_POINT('',(7.340328606027,-77.09967299512,48.));
#2137 = DIRECTION('',(0.974927912182,0.222520933956,0.));
#2138 = DIRECTION('',(0.,0.,1.));
#2139 = ADVANCED_FACE('',(#2140),#2158,.T.);
#2140 = FACE_BOUND('',#2141,.T.);
#2141 = EDGE_LOOP('',(#2142,#2143,#2151,#2157));
#2142 = ORIENTED_EDGE('',*,*,#2087,.F.);
#2143 = ORIENTED_EDGE('',*,*,#2144,.T.);
#2144 = EDGE_CURVE('',#2088,#2145,#2147,.T.);
#2145 = VERTEX_POINT('',#2146);
#2146 = CARTESIAN_POINT('',(35.286927820382,-109.6625402085,73.));
#2147 = LINE('',#2148,#2149);
#2148 = CARTESIAN_POINT('',(35.286927820382,-109.6625402085,-5.));
#2149 = VECTOR('',#2150,1.);
#2150 = DIRECTION('',(0.,0.,1.));
#2151 = ORIENTED_EDGE('',*,*,#2152,.T.);
#2152 = EDGE_CURVE('',#2145,#895,#2153,.T.);
#2153 = LINE('',#2154,#2155);
#2154 = CARTESIAN_POINT('',(26.838886849663,-72.649254316,73.));
#2155 = VECTOR('',#2156,1.);
#2156 = DIRECTION('',(0.222520933956,-0.974927912182,0.));
#2157 = ORIENTED_EDGE('',*,*,#903,.F.);
#2158 = PLANE('',#2159);
#2159 = AXIS2_PLACEMENT_3D('',#2160,#2161,#2162);
#2160 = CARTESIAN_POINT('',(26.838886849663,-72.649254316,48.));
#2161 = DIRECTION('',(0.974927912182,0.222520933956,0.));
#2162 = DIRECTION('',(0.,0.,1.));
#2163 = ADVANCED_FACE('',(#2164),#2176,.T.);
#2164 = FACE_BOUND('',#2165,.T.);
#2165 = EDGE_LOOP('',(#2166,#2167,#2174,#2175));
#2166 = ORIENTED_EDGE('',*,*,#2152,.F.);
#2167 = ORIENTED_EDGE('',*,*,#2168,.F.);
#2168 = EDGE_CURVE('',#2121,#2145,#2169,.T.);
#2169 = CIRCLE('',#2170,115.2);
#2170 = AXIS2_PLACEMENT_3D('',#2171,#2172,#2173);
#2171 = CARTESIAN_POINT('',(0.,0.,73.));
#2172 = DIRECTION('',(0.,0.,1.));
#2173 = DIRECTION('',(1.,0.,-0.));
#2174 = ORIENTED_EDGE('',*,*,#2128,.T.);
#2175 = ORIENTED_EDGE('',*,*,#894,.T.);
#2176 = PLANE('',#2177);
#2177 = AXIS2_PLACEMENT_3D('',#2178,#2179,#2180);
#2178 = CARTESIAN_POINT('',(7.340328606027,-77.09967299512,73.));
#2179 = DIRECTION('',(0.,0.,1.));
#2180 = DIRECTION('',(0.222520933956,-0.974927912182,0.));
#2181 = ADVANCED_FACE('',(#2182),#2208,.F.);
#2182 = FACE_BOUND('',#2183,.F.);
#2183 = EDGE_LOOP('',(#2184,#2192,#2201,#2207));
#2184 = ORIENTED_EDGE('',*,*,#2185,.F.);
#2185 = EDGE_CURVE('',#2186,#914,#2188,.T.);
#2186 = VERTEX_POINT('',#2187);
#2187 = CARTESIAN_POINT('',(79.373216396914,-83.49211051835,48.));
#2188 = LINE('',#2189,#2190);
#2189 = CARTESIAN_POINT('',(55.702331607431,-53.80975983495,48.));
#2190 = VECTOR('',#2191,1.);
#2191 = DIRECTION('',(0.623489801859,-0.781831482468,0.));
#2192 = ORIENTED_EDGE('',*,*,#2193,.F.);
#2193 = EDGE_CURVE('',#2194,#2186,#2196,.T.);
#2194 = VERTEX_POINT('',#2195);
#2195 = CARTESIAN_POINT('',(63.736586747553,-95.96190655552,48.));
#2196 = CIRCLE('',#2197,115.2);
#2197 = AXIS2_PLACEMENT_3D('',#2198,#2199,#2200);
#2198 = CARTESIAN_POINT('',(0.,0.,48.));
#2199 = DIRECTION('',(0.,0.,1.));
#2200 = DIRECTION('',(1.,0.,-0.));
#2201 = ORIENTED_EDGE('',*,*,#2202,.T.);
#2202 = EDGE_CURVE('',#2194,#912,#2203,.T.);
#2203 = LINE('',#2204,#2205);
#2204 = CARTESIAN_POINT('',(40.06570195807,-66.27955587213,48.));
#2205 = VECTOR('',#2206,1.);
#2206 = DIRECTION('',(0.623489801859,-0.781831482468,0.));
#2207 = ORIENTED_EDGE('',*,*,#911,.T.);
#2208 = PLANE('',#2209);
#2209 = AXIS2_PLACEMENT_3D('',#2210,#2211,#2212);
#2210 = CARTESIAN_POINT('',(40.06570195807,-66.27955587213,48.));
#2211 = DIRECTION('',(0.,0.,1.));
#2212 = DIRECTION('',(0.623489801859,-0.781831482468,0.));
#2213 = ADVANCED_FACE('',(#2214),#2232,.F.);
#2214 = FACE_BOUND('',#2215,.F.);
#2215 = EDGE_LOOP('',(#2216,#2217,#2225,#2231));
#2216 = ORIENTED_EDGE('',*,*,#2202,.F.);
#2217 = ORIENTED_EDGE('',*,*,#2218,.T.);
#2218 = EDGE_CURVE('',#2194,#2219,#2221,.T.);
#2219 = VERTEX_POINT('',#2220);
#2220 = CARTESIAN_POINT('',(63.736586747553,-95.96190655552,73.));
#2221 = LINE('',#2222,#2223);
#2222 = CARTESIAN_POINT('',(63.736586747553,-95.96190655552,-5.));
#2223 = VECTOR('',#2224,1.);
#2224 = DIRECTION('',(0.,0.,1.));
#2225 = ORIENTED_EDGE('',*,*,#2226,.T.);
#2226 = EDGE_CURVE('',#2219,#923,#2227,.T.);
#2227 = LINE('',#2228,#2229);
#2228 = CARTESIAN_POINT('',(40.06570195807,-66.27955587213,73.));
#2229 = VECTOR('',#2230,1.);
#2230 = DIRECTION('',(0.623489801859,-0.781831482468,0.));
#2231 = ORIENTED_EDGE('',*,*,#922,.F.);
#2232 = PLANE('',#2233);
#2233 = AXIS2_PLACEMENT_3D('',#2234,#2235,#2236);
#2234 = CARTESIAN_POINT('',(40.06570195807,-66.27955587213,48.));
#2235 = DIRECTION('',(0.781831482468,0.623489801859,0.));
#2236 = DIRECTION('',(0.,0.,1.));
#2237 = ADVANCED_FACE('',(#2238),#2256,.T.);
#2238 = FACE_BOUND('',#2239,.T.);
#2239 = EDGE_LOOP('',(#2240,#2241,#2249,#2255));
#2240 = ORIENTED_EDGE('',*,*,#2185,.F.);
#2241 = ORIENTED_EDGE('',*,*,#2242,.T.);
#2242 = EDGE_CURVE('',#2186,#2243,#2245,.T.);
#2243 = VERTEX_POINT('',#2244);
#2244 = CARTESIAN_POINT('',(79.373216396914,-83.49211051835,73.));
#2245 = LINE('',#2246,#2247);
#2246 = CARTESIAN_POINT('',(79.373216396914,-83.49211051835,-5.));
#2247 = VECTOR('',#2248,1.);
#2248 = DIRECTION('',(0.,0.,1.));
#2249 = ORIENTED_EDGE('',*,*,#2250,.T.);
#2250 = EDGE_CURVE('',#2243,#931,#2251,.T.);
#2251 = LINE('',#2252,#2253);
#2252 = CARTESIAN_POINT('',(55.702331607431,-53.80975983495,73.));
#2253 = VECTOR('',#2254,1.);
#2254 = DIRECTION('',(0.623489801859,-0.781831482468,0.));
#2255 = ORIENTED_EDGE('',*,*,#939,.F.);
#2256 = PLANE('',#2257);
#2257 = AXIS2_PLACEMENT_3D('',#2258,#2259,#2260);
#2258 = CARTESIAN_POINT('',(55.702331607431,-53.80975983495,48.));
#2259 = DIRECTION('',(0.781831482468,0.623489801859,0.));
#2260 = DIRECTION('',(0.,0.,1.));
#2261 = ADVANCED_FACE('',(#2262),#2274,.T.);
#2262 = FACE_BOUND('',#2263,.T.);
#2263 = EDGE_LOOP('',(#2264,#2265,#2272,#2273));
#2264 = ORIENTED_EDGE('',*,*,#2250,.F.);
#2265 = ORIENTED_EDGE('',*,*,#2266,.F.);
#2266 = EDGE_CURVE('',#2219,#2243,#2267,.T.);
#2267 = CIRCLE('',#2268,115.2);
#2268 = AXIS2_PLACEMENT_3D('',#2269,#2270,#2271);
#2269 = CARTESIAN_POINT('',(0.,0.,73.));
#2270 = DIRECTION('',(0.,0.,1.));
#2271 = DIRECTION('',(1.,0.,-0.));
#2272 = ORIENTED_EDGE('',*,*,#2226,.T.);
#2273 = ORIENTED_EDGE('',*,*,#930,.T.);
#2274 = PLANE('',#2275);
#2275 = AXIS2_PLACEMENT_3D('',#2276,#2277,#2278);
#2276 = CARTESIAN_POINT('',(40.06570195807,-66.27955587213,73.));
#2277 = DIRECTION('',(0.,0.,1.));
#2278 = DIRECTION('',(0.623489801859,-0.781831482468,0.));
#2279 = ADVANCED_FACE('',(#2280),#2306,.F.);
#2280 = FACE_BOUND('',#2281,.F.);
#2281 = EDGE_LOOP('',(#2282,#2290,#2299,#2305));
#2282 = ORIENTED_EDGE('',*,*,#2283,.F.);
#2283 = EDGE_CURVE('',#2284,#950,#2286,.T.);
#2284 = VERTEX_POINT('',#2285);
#2285 = CARTESIAN_POINT('',(107.73866601742,-40.78504437642,48.));
#2286 = LINE('',#2287,#2288);
#2287 = CARTESIAN_POINT('',(73.533246446081,-24.3125824852,48.));
#2288 = VECTOR('',#2289,1.);
#2289 = DIRECTION('',(0.900968867902,-0.433883739118,0.));
#2290 = ORIENTED_EDGE('',*,*,#2291,.F.);
#2291 = EDGE_CURVE('',#2292,#2284,#2294,.T.);
#2292 = VERTEX_POINT('',#2293);
#2293 = CARTESIAN_POINT('',(99.060991235069,-58.80442173447,48.));
#2294 = CIRCLE('',#2295,115.2);
#2295 = AXIS2_PLACEMENT_3D('',#2296,#2297,#2298);
#2296 = CARTESIAN_POINT('',(0.,0.,48.));
#2297 = DIRECTION('',(0.,0.,1.));
#2298 = DIRECTION('',(1.,0.,-0.));
#2299 = ORIENTED_EDGE('',*,*,#2300,.T.);
#2300 = EDGE_CURVE('',#2292,#948,#2301,.T.);
#2301 = LINE('',#2302,#2303);
#2302 = CARTESIAN_POINT('',(64.85557166373,-42.33195984325,48.));
#2303 = VECTOR('',#2304,1.);
#2304 = DIRECTION('',(0.900968867902,-0.433883739118,0.));
#2305 = ORIENTED_EDGE('',*,*,#947,.T.);
#2306 = PLANE('',#2307);
#2307 = AXIS2_PLACEMENT_3D('',#2308,#2309,#2310);
#2308 = CARTESIAN_POINT('',(64.85557166373,-42.33195984325,48.));
#2309 = DIRECTION('',(0.,0.,1.));
#2310 = DIRECTION('',(0.900968867902,-0.433883739118,0.));
#2311 = ADVANCED_FACE('',(#2312),#2330,.T.);
#2312 = FACE_BOUND('',#2313,.T.);
#2313 = EDGE_LOOP('',(#2314,#2315,#2323,#2329));
#2314 = ORIENTED_EDGE('',*,*,#2283,.F.);
#2315 = ORIENTED_EDGE('',*,*,#2316,.T.);
#2316 = EDGE_CURVE('',#2284,#2317,#2319,.T.);
#2317 = VERTEX_POINT('',#2318);
#2318 = CARTESIAN_POINT('',(107.73866601742,-40.78504437642,73.));
#2319 = LINE('',#2320,#2321);
#2320 = CARTESIAN_POINT('',(107.73866601742,-40.78504437642,-5.));
#2321 = VECTOR('',#2322,1.);
#2322 = DIRECTION('',(0.,0.,1.));
#2323 = ORIENTED_EDGE('',*,*,#2324,.T.);
#2324 = EDGE_CURVE('',#2317,#967,#2325,.T.);
#2325 = LINE('',#2326,#2327);
#2326 = CARTESIAN_POINT('',(73.533246446081,-24.3125824852,73.));
#2327 = VECTOR('',#2328,1.);
#2328 = DIRECTION('',(0.900968867902,-0.433883739118,0.));
#2329 = ORIENTED_EDGE('',*,*,#975,.F.);
#2330 = PLANE('',#2331);
#2331 = AXIS2_PLACEMENT_3D('',#2332,#2333,#2334);
#2332 = CARTESIAN_POINT('',(73.533246446081,-24.3125824852,48.));
#2333 = DIRECTION('',(0.433883739118,0.900968867902,0.));
#2334 = DIRECTION('',(0.,0.,1.));
#2335 = ADVANCED_FACE('',(#2336),#2355,.T.);
#2336 = FACE_BOUND('',#2337,.T.);
#2337 = EDGE_LOOP('',(#2338,#2339,#2348,#2354));
#2338 = ORIENTED_EDGE('',*,*,#2324,.F.);
#2339 = ORIENTED_EDGE('',*,*,#2340,.F.);
#2340 = EDGE_CURVE('',#2341,#2317,#2343,.T.);
#2341 = VERTEX_POINT('',#2342);
#2342 = CARTESIAN_POINT('',(99.060991235069,-58.80442173447,73.));
#2343 = CIRCLE('',#2344,115.2);
#2344 = AXIS2_PLACEMENT_3D('',#2345,#2346,#2347);
#2345 = CARTESIAN_POINT('',(0.,0.,73.));
#2346 = DIRECTION('',(0.,0.,1.));
#2347 = DIRECTION('',(1.,0.,-0.));
#2348 = ORIENTED_EDGE('',*,*,#2349,.T.);
#2349 = EDGE_CURVE('',#2341,#959,#2350,.T.);
#2350 = LINE('',#2351,#2352);
#2351 = CARTESIAN_POINT('',(64.85557166373,-42.33195984325,73.));
#2352 = VECTOR('',#2353,1.);
#2353 = DIRECTION('',(0.900968867902,-0.433883739118,0.));
#2354 = ORIENTED_EDGE('',*,*,#966,.T.);
#2355 = PLANE('',#2356);
#2356 = AXIS2_PLACEMENT_3D('',#2357,#2358,#2359);
#2357 = CARTESIAN_POINT('',(64.85557166373,-42.33195984325,73.));
#2358 = DIRECTION('',(0.,0.,1.));
#2359 = DIRECTION('',(0.900968867902,-0.433883739118,0.));
#2360 = ADVANCED_FACE('',(#2361),#2372,.F.);
#2361 = FACE_BOUND('',#2362,.F.);
#2362 = EDGE_LOOP('',(#2363,#2364,#2370,#2371));
#2363 = ORIENTED_EDGE('',*,*,#2300,.F.);
#2364 = ORIENTED_EDGE('',*,*,#2365,.T.);
#2365 = EDGE_CURVE('',#2292,#2341,#2366,.T.);
#2366 = LINE('',#2367,#2368);
#2367 = CARTESIAN_POINT('',(99.060991235069,-58.80442173447,-5.));
#2368 = VECTOR('',#2369,1.);
#2369 = DIRECTION('',(0.,0.,1.));
#2370 = ORIENTED_EDGE('',*,*,#2349,.T.);
#2371 = ORIENTED_EDGE('',*,*,#958,.F.);
#2372 = PLANE('',#2373);
#2373 = AXIS2_PLACEMENT_3D('',#2374,#2375,#2376);
#2374 = CARTESIAN_POINT('',(64.85557166373,-42.33195984325,48.));
#2375 = DIRECTION('',(0.433883739118,0.900968867902,0.));
#2376 = DIRECTION('',(0.,0.,1.));
#2377 = ADVANCED_FACE('',(#2378,#2418,#2424,#2430,#2436,#2442,#2448,
    #2454,#2460,#2466,#2472,#2478,#2484,#2490),#2496,.T.);
#2378 = FACE_BOUND('',#2379,.T.);
#2379 = EDGE_LOOP('',(#2380,#2381,#2382,#2383,#2391,#2398,#2399,#2400,
    #2401,#2402,#2410,#2417));
#2380 = ORIENTED_EDGE('',*,*,#1006,.F.);
#2381 = ORIENTED_EDGE('',*,*,#1091,.T.);
#2382 = ORIENTED_EDGE('',*,*,#1065,.T.);
#2383 = ORIENTED_EDGE('',*,*,#2384,.T.);
#2384 = EDGE_CURVE('',#1057,#2385,#2387,.T.);
#2385 = VERTEX_POINT('',#2386);
#2386 = CARTESIAN_POINT('',(115.2,-2.821586225236E-14,125.));
#2387 = LINE('',#2388,#2389);
#2388 = CARTESIAN_POINT('',(115.2,-2.821586225236E-14,-5.));
#2389 = VECTOR('',#2390,1.);
#2390 = DIRECTION('',(0.,0.,1.));
#2391 = ORIENTED_EDGE('',*,*,#2392,.F.);
#2392 = EDGE_CURVE('',#2385,#2385,#2393,.T.);
#2393 = CIRCLE('',#2394,115.2);
#2394 = AXIS2_PLACEMENT_3D('',#2395,#2396,#2397);
#2395 = CARTESIAN_POINT('',(0.,0.,125.));
#2396 = DIRECTION('',(0.,0.,1.));
#2397 = DIRECTION('',(1.,0.,-0.));
#2398 = ORIENTED_EDGE('',*,*,#2384,.F.);
#2399 = ORIENTED_EDGE('',*,*,#1056,.T.);
#2400 = ORIENTED_EDGE('',*,*,#1032,.F.);
#2401 = ORIENTED_EDGE('',*,*,#997,.F.);
#2402 = ORIENTED_EDGE('',*,*,#2403,.F.);
#2403 = EDGE_CURVE('',#2404,#998,#2406,.T.);
#2404 = VERTEX_POINT('',#2405);
#2405 = CARTESIAN_POINT('',(115.2,-2.821586225236E-14,-5.));
#2406 = LINE('',#2407,#2408);
#2407 = CARTESIAN_POINT('',(115.2,-2.821586225236E-14,-5.));
#2408 = VECTOR('',#2409,1.);
#2409 = DIRECTION('',(0.,0.,1.));
#2410 = ORIENTED_EDGE('',*,*,#2411,.T.);
#2411 = EDGE_CURVE('',#2404,#2404,#2412,.T.);
#2412 = CIRCLE('',#2413,115.2);
#2413 = AXIS2_PLACEMENT_3D('',#2414,#2415,#2416);
#2414 = CARTESIAN_POINT('',(0.,0.,-5.));
#2415 = DIRECTION('',(0.,0.,1.));
#2416 = DIRECTION('',(1.,0.,-0.));
#2417 = ORIENTED_EDGE('',*,*,#2403,.T.);
#2418 = FACE_BOUND('',#2419,.T.);
#2419 = EDGE_LOOP('',(#2420,#2421,#2422,#2423));
#2420 = ORIENTED_EDGE('',*,*,#1115,.F.);
#2421 = ORIENTED_EDGE('',*,*,#1140,.T.);
#2422 = ORIENTED_EDGE('',*,*,#1188,.T.);
#2423 = ORIENTED_EDGE('',*,*,#1164,.F.);
#2424 = FACE_BOUND('',#2425,.T.);
#2425 = EDGE_LOOP('',(#2426,#2427,#2428,#2429));
#2426 = ORIENTED_EDGE('',*,*,#1213,.F.);
#2427 = ORIENTED_EDGE('',*,*,#1238,.T.);
#2428 = ORIENTED_EDGE('',*,*,#1286,.T.);
#2429 = ORIENTED_EDGE('',*,*,#1262,.F.);
#2430 = FACE_BOUND('',#2431,.T.);
#2431 = EDGE_LOOP('',(#2432,#2433,#2434,#2435));
#2432 = ORIENTED_EDGE('',*,*,#1311,.F.);
#2433 = ORIENTED_EDGE('',*,*,#1336,.T.);
#2434 = ORIENTED_EDGE('',*,*,#1384,.T.);
#2435 = ORIENTED_EDGE('',*,*,#1360,.F.);
#2436 = FACE_BOUND('',#2437,.T.);
#2437 = EDGE_LOOP('',(#2438,#2439,#2440,#2441));
#2438 = ORIENTED_EDGE('',*,*,#1409,.F.);
#2439 = ORIENTED_EDGE('',*,*,#1434,.T.);
#2440 = ORIENTED_EDGE('',*,*,#1482,.T.);
#2441 = ORIENTED_EDGE('',*,*,#1458,.F.);
#2442 = FACE_BOUND('',#2443,.T.);
#2443 = EDGE_LOOP('',(#2444,#2445,#2446,#2447));
#2444 = ORIENTED_EDGE('',*,*,#1507,.F.);
#2445 = ORIENTED_EDGE('',*,*,#1532,.T.);
#2446 = ORIENTED_EDGE('',*,*,#1580,.T.);
#2447 = ORIENTED_EDGE('',*,*,#1556,.F.);
#2448 = FACE_BOUND('',#2449,.T.);
#2449 = EDGE_LOOP('',(#2450,#2451,#2452,#2453));
#2450 = ORIENTED_EDGE('',*,*,#1605,.F.);
#2451 = ORIENTED_EDGE('',*,*,#1630,.T.);
#2452 = ORIENTED_EDGE('',*,*,#1678,.T.);
#2453 = ORIENTED_EDGE('',*,*,#1654,.F.);
#2454 = FACE_BOUND('',#2455,.T.);
#2455 = EDGE_LOOP('',(#2456,#2457,#2458,#2459));
#2456 = ORIENTED_EDGE('',*,*,#1703,.F.);
#2457 = ORIENTED_EDGE('',*,*,#1728,.T.);
#2458 = ORIENTED_EDGE('',*,*,#1776,.T.);
#2459 = ORIENTED_EDGE('',*,*,#1752,.F.);
#2460 = FACE_BOUND('',#2461,.T.);
#2461 = EDGE_LOOP('',(#2462,#2463,#2464,#2465));
#2462 = ORIENTED_EDGE('',*,*,#1801,.F.);
#2463 = ORIENTED_EDGE('',*,*,#1826,.T.);
#2464 = ORIENTED_EDGE('',*,*,#1874,.T.);
#2465 = ORIENTED_EDGE('',*,*,#1850,.F.);
#2466 = FACE_BOUND('',#2467,.T.);
#2467 = EDGE_LOOP('',(#2468,#2469,#2470,#2471));
#2468 = ORIENTED_EDGE('',*,*,#1899,.F.);
#2469 = ORIENTED_EDGE('',*,*,#1924,.T.);
#2470 = ORIENTED_EDGE('',*,*,#1972,.T.);
#2471 = ORIENTED_EDGE('',*,*,#1948,.F.);
#2472 = FACE_BOUND('',#2473,.T.);
#2473 = EDGE_LOOP('',(#2474,#2475,#2476,#2477));
#2474 = ORIENTED_EDGE('',*,*,#1997,.F.);
#2475 = ORIENTED_EDGE('',*,*,#2022,.T.);
#2476 = ORIENTED_EDGE('',*,*,#2070,.T.);
#2477 = ORIENTED_EDGE('',*,*,#2046,.F.);
#2478 = FACE_BOUND('',#2479,.T.);
#2479 = EDGE_LOOP('',(#2480,#2481,#2482,#2483));
#2480 = ORIENTED_EDGE('',*,*,#2095,.F.);
#2481 = ORIENTED_EDGE('',*,*,#2120,.T.);
#2482 = ORIENTED_EDGE('',*,*,#2168,.T.);
#2483 = ORIENTED_EDGE('',*,*,#2144,.F.);
#2484 = FACE_BOUND('',#2485,.T.);
#2485 = EDGE_LOOP('',(#2486,#2487,#2488,#2489));
#2486 = ORIENTED_EDGE('',*,*,#2193,.F.);
#2487 = ORIENTED_EDGE('',*,*,#2218,.T.);
#2488 = ORIENTED_EDGE('',*,*,#2266,.T.);
#2489 = ORIENTED_EDGE('',*,*,#2242,.F.);
#2490 = FACE_BOUND('',#2491,.T.);
#2491 = EDGE_LOOP('',(#2492,#2493,#2494,#2495));
#2492 = ORIENTED_EDGE('',*,*,#2291,.F.);
#2493 = ORIENTED_EDGE('',*,*,#2365,.T.);
#2494 = ORIENTED_EDGE('',*,*,#2340,.T.);
#2495 = ORIENTED_EDGE('',*,*,#2316,.F.);
#2496 = CYLINDRICAL_SURFACE('',#2497,115.2);
#2497 = AXIS2_PLACEMENT_3D('',#2498,#2499,#2500);
#2498 = CARTESIAN_POINT('',(0.,0.,-5.));
#2499 = DIRECTION('',(0.,0.,1.));
#2500 = DIRECTION('',(1.,0.,-0.));
#2501 = ADVANCED_FACE('',(#2502),#2505,.F.);
#2502 = FACE_BOUND('',#2503,.T.);
#2503 = EDGE_LOOP('',(#2504));
#2504 = ORIENTED_EDGE('',*,*,#2411,.F.);
#2505 = PLANE('',#2506);
#2506 = AXIS2_PLACEMENT_3D('',#2507,#2508,#2509);
#2507 = CARTESIAN_POINT('',(0.,0.,-5.));
#2508 = DIRECTION('',(0.,0.,1.));
#2509 = DIRECTION('',(1.,0.,-0.));
#2510 = ADVANCED_FACE('',(#2511),#2514,.T.);
#2511 = FACE_BOUND('',#2512,.T.);
#2512 = EDGE_LOOP('',(#2513));
#2513 = ORIENTED_EDGE('',*,*,#2392,.T.);
#2514 = PLANE('',#2515);
#2515 = AXIS2_PLACEMENT_3D('',#2516,#2517,#2518);
#2516 = CARTESIAN_POINT('',(0.,0.,125.));
#2517 = DIRECTION('',(0.,0.,1.));
#2518 = DIRECTION('',(1.,0.,-0.));
#2519 = ( GEOMETRIC_REPRESENTATION_CONTEXT(3) 
GLOBAL_UNCERTAINTY_ASSIGNED_CONTEXT((#2523)) 
GLOBAL_UNIT_ASSIGNED_CONTEXT((#2520,#2521,#2522)) REPRESENTATION_CONTEXT
('Context #1','3D Context with UNIT and UNCERTAINTY') );
#2520 = ( LENGTH_UNIT() NAMED_UNIT(*) SI_UNIT(.MILLI.,.METRE.) );
#2521 = ( NAMED_UNIT(*) PLANE_ANGLE_UNIT() SI_UNIT($,.RADIAN.) );
#2522 = ( NAMED_UNIT(*) SI_UNIT($,.STERADIAN.) SOLID_ANGLE_UNIT() );
#2523 = UNCERTAINTY_MEASURE_WITH_UNIT(LENGTH_MEASURE(1.E-07),#2520,
  'distance_accuracy_value','confusion accuracy');
#2524 = CONTEXT_DEPENDENT_SHAPE_REPRESENTATION(#2525,#2527);
#2525 = ( REPRESENTATION_RELATIONSHIP('','',#365,#10) 
REPRESENTATION_RELATIONSHIP_WITH_TRANSFORMATION(#2526) 
SHAPE_REPRESENTATION_RELATIONSHIP() );
#2526 = ITEM_DEFINED_TRANSFORMATION('','',#11,#27);
#2527 = PRODUCT_DEFINITION_SHAPE('Placement','Placement of an item',
  #2528);
#2528 = NEXT_ASSEMBLY_USAGE_OCCURRENCE('4','driver_wheel','',#5,#360,$);
#2529 = PRODUCT_RELATED_PRODUCT_CATEGORY('part',$,(#362));
#2530 = SHAPE_DEFINITION_REPRESENTATION(#2531,#2537);
#2531 = PRODUCT_DEFINITION_SHAPE('','',#2532);
#2532 = PRODUCT_DEFINITION('design','',#2533,#2536);
#2533 = PRODUCT_DEFINITION_FORMATION('','',#2534);
#2534 = PRODUCT('pilot_wheel','pilot_wheel','',(#2535));
#2535 = PRODUCT_CONTEXT('',#2,'mechanical');
#2536 = PRODUCT_DEFINITION_CONTEXT('part definition',#2,'design');
#2537 = ADVANCED_BREP_SHAPE_REPRESENTATION('',(#11,#2538),#3851);
#2538 = MANIFOLD_SOLID_BREP('',#2539);
#2539 = CLOSED_SHELL('',(#2540,#2573,#2593,#2613,#2941,#2983,#3007,#3042
    ,#3059,#3091,#3115,#3139,#3157,#3189,#3213,#3237,#3255,#3287,#3311,
    #3335,#3353,#3385,#3409,#3433,#3451,#3483,#3507,#3531,#3549,#3581,
    #3605,#3629,#3647,#3679,#3703,#3728,#3745,#3833,#3842));
#2540 = ADVANCED_FACE('',(#2541),#2568,.T.);
#2541 = FACE_BOUND('',#2542,.T.);
#2542 = EDGE_LOOP('',(#2543,#2552,#2560,#2567));
#2543 = ORIENTED_EDGE('',*,*,#2544,.F.);
#2544 = EDGE_CURVE('',#2545,#2545,#2547,.T.);
#2545 = VERTEX_POINT('',#2546);
#2546 = CARTESIAN_POINT('',(300.,-7.347880794884E-14,100.));
#2547 = CIRCLE('',#2548,300.);
#2548 = AXIS2_PLACEMENT_3D('',#2549,#2550,#2551);
#2549 = CARTESIAN_POINT('',(0.,0.,100.));
#2550 = DIRECTION('',(0.,0.,1.));
#2551 = DIRECTION('',(1.,0.,-0.));
#2552 = ORIENTED_EDGE('',*,*,#2553,.F.);
#2553 = EDGE_CURVE('',#2554,#2545,#2556,.T.);
#2554 = VERTEX_POINT('',#2555);
#2555 = CARTESIAN_POINT('',(300.,-7.347880794884E-14,0.));
#2556 = LINE('',#2557,#2558);
#2557 = CARTESIAN_POINT('',(300.,-7.347880794884E-14,0.));
#2558 = VECTOR('',#2559,1.);
#2559 = DIRECTION('',(0.,0.,1.));
#2560 = ORIENTED_EDGE('',*,*,#2561,.T.);
#2561 = EDGE_CURVE('',#2554,#2554,#2562,.T.);
#2562 = CIRCLE('',#2563,300.);
#2563 = AXIS2_PLACEMENT_3D('',#2564,#2565,#2566);
#2564 = CARTESIAN_POINT('',(0.,0.,0.));
#2565 = DIRECTION('',(0.,0.,1.));
#2566 = DIRECTION('',(1.,0.,-0.));
#2567 = ORIENTED_EDGE('',*,*,#2553,.T.);
#2568 = CYLINDRICAL_SURFACE('',#2569,300.);
#2569 = AXIS2_PLACEMENT_3D('',#2570,#2571,#2572);
#2570 = CARTESIAN_POINT('',(0.,0.,0.));
#2571 = DIRECTION('',(0.,0.,1.));
#2572 = DIRECTION('',(1.,0.,-0.));
#2573 = ADVANCED_FACE('',(#2574,#2577),#2588,.T.);
#2574 = FACE_BOUND('',#2575,.T.);
#2575 = EDGE_LOOP('',(#2576));
#2576 = ORIENTED_EDGE('',*,*,#2544,.T.);
#2577 = FACE_BOUND('',#2578,.T.);
#2578 = EDGE_LOOP('',(#2579));
#2579 = ORIENTED_EDGE('',*,*,#2580,.F.);
#2580 = EDGE_CURVE('',#2581,#2581,#2583,.T.);
#2581 = VERTEX_POINT('',#2582);
#2582 = CARTESIAN_POINT('',(240.,-5.878304635907E-14,100.));
#2583 = CIRCLE('',#2584,240.);
#2584 = AXIS2_PLACEMENT_3D('',#2585,#2586,#2587);
#2585 = CARTESIAN_POINT('',(0.,0.,100.));
#2586 = DIRECTION('',(0.,0.,1.));
#2587 = DIRECTION('',(1.,0.,-0.));
#2588 = PLANE('',#2589);
#2589 = AXIS2_PLACEMENT_3D('',#2590,#2591,#2592);
#2590 = CARTESIAN_POINT('',(0.,0.,100.));
#2591 = DIRECTION('',(0.,0.,1.));
#2592 = DIRECTION('',(1.,0.,-0.));
#2593 = ADVANCED_FACE('',(#2594,#2597),#2608,.F.);
#2594 = FACE_BOUND('',#2595,.F.);
#2595 = EDGE_LOOP('',(#2596));
#2596 = ORIENTED_EDGE('',*,*,#2561,.T.);
#2597 = FACE_BOUND('',#2598,.F.);
#2598 = EDGE_LOOP('',(#2599));
#2599 = ORIENTED_EDGE('',*,*,#2600,.F.);
#2600 = EDGE_CURVE('',#2601,#2601,#2603,.T.);
#2601 = VERTEX_POINT('',#2602);
#2602 = CARTESIAN_POINT('',(240.,-5.878304635907E-14,0.));
#2603 = CIRCLE('',#2604,240.);
#2604 = AXIS2_PLACEMENT_3D('',#2605,#2606,#2607);
#2605 = CARTESIAN_POINT('',(0.,0.,0.));
#2606 = DIRECTION('',(0.,0.,1.));
#2607 = DIRECTION('',(1.,0.,-0.));
#2608 = PLANE('',#2609);
#2609 = AXIS2_PLACEMENT_3D('',#2610,#2611,#2612);
#2610 = CARTESIAN_POINT('',(0.,0.,0.));
#2611 = DIRECTION('',(0.,0.,1.));
#2612 = DIRECTION('',(1.,0.,-0.));
#2613 = ADVANCED_FACE('',(#2614,#2684,#2720,#2756,#2792,#2828,#2864,
    #2900),#2936,.F.);
#2614 = FACE_BOUND('',#2615,.F.);
#2615 = EDGE_LOOP('',(#2616,#2627,#2635,#2644,#2650,#2651,#2652,#2661,
    #2669,#2676,#2682,#2683));
#2616 = ORIENTED_EDGE('',*,*,#2617,.F.);
#2617 = EDGE_CURVE('',#2618,#2620,#2622,.T.);
#2618 = VERTEX_POINT('',#2619);
#2619 = CARTESIAN_POINT('',(239.89789494699,-7.,41.));
#2620 = VERTEX_POINT('',#2621);
#2621 = CARTESIAN_POINT('',(240.,-5.878304635907E-14,41.));
#2622 = CIRCLE('',#2623,240.);
#2623 = AXIS2_PLACEMENT_3D('',#2624,#2625,#2626);
#2624 = CARTESIAN_POINT('',(0.,0.,41.));
#2625 = DIRECTION('',(0.,0.,1.));
#2626 = DIRECTION('',(1.,0.,-0.));
#2627 = ORIENTED_EDGE('',*,*,#2628,.T.);
#2628 = EDGE_CURVE('',#2618,#2629,#2631,.T.);
#2629 = VERTEX_POINT('',#2630);
#2630 = CARTESIAN_POINT('',(239.89789494699,-7.,59.));
#2631 = LINE('',#2632,#2633);
#2632 = CARTESIAN_POINT('',(239.89789494699,-7.,-1.));
#2633 = VECTOR('',#2634,1.);
#2634 = DIRECTION('',(0.,0.,1.));
#2635 = ORIENTED_EDGE('',*,*,#2636,.T.);
#2636 = EDGE_CURVE('',#2629,#2637,#2639,.T.);
#2637 = VERTEX_POINT('',#2638);
#2638 = CARTESIAN_POINT('',(240.,-5.878304635907E-14,59.));
#2639 = CIRCLE('',#2640,240.);
#2640 = AXIS2_PLACEMENT_3D('',#2641,#2642,#2643);
#2641 = CARTESIAN_POINT('',(0.,0.,59.));
#2642 = DIRECTION('',(0.,0.,1.));
#2643 = DIRECTION('',(1.,0.,-0.));
#2644 = ORIENTED_EDGE('',*,*,#2645,.T.);
#2645 = EDGE_CURVE('',#2637,#2581,#2646,.T.);
#2646 = LINE('',#2647,#2648);
#2647 = CARTESIAN_POINT('',(240.,-5.878304635907E-14,-1.));
#2648 = VECTOR('',#2649,1.);
#2649 = DIRECTION('',(0.,0.,1.));
#2650 = ORIENTED_EDGE('',*,*,#2580,.F.);
#2651 = ORIENTED_EDGE('',*,*,#2645,.F.);
#2652 = ORIENTED_EDGE('',*,*,#2653,.T.);
#2653 = EDGE_CURVE('',#2637,#2654,#2656,.T.);
#2654 = VERTEX_POINT('',#2655);
#2655 = CARTESIAN_POINT('',(239.89789494699,7.,59.));
#2656 = CIRCLE('',#2657,240.);
#2657 = AXIS2_PLACEMENT_3D('',#2658,#2659,#2660);
#2658 = CARTESIAN_POINT('',(0.,0.,59.));
#2659 = DIRECTION('',(0.,0.,1.));
#2660 = DIRECTION('',(1.,0.,-0.));
#2661 = ORIENTED_EDGE('',*,*,#2662,.F.);
#2662 = EDGE_CURVE('',#2663,#2654,#2665,.T.);
#2663 = VERTEX_POINT('',#2664);
#2664 = CARTESIAN_POINT('',(239.89789494699,7.,41.));
#2665 = LINE('',#2666,#2667);
#2666 = CARTESIAN_POINT('',(239.89789494699,7.,-1.));
#2667 = VECTOR('',#2668,1.);
#2668 = DIRECTION('',(0.,0.,1.));
#2669 = ORIENTED_EDGE('',*,*,#2670,.F.);
#2670 = EDGE_CURVE('',#2620,#2663,#2671,.T.);
#2671 = CIRCLE('',#2672,240.);
#2672 = AXIS2_PLACEMENT_3D('',#2673,#2674,#2675);
#2673 = CARTESIAN_POINT('',(0.,0.,41.));
#2674 = DIRECTION('',(0.,0.,1.));
#2675 = DIRECTION('',(1.,0.,-0.));
#2676 = ORIENTED_EDGE('',*,*,#2677,.F.);
#2677 = EDGE_CURVE('',#2601,#2620,#2678,.T.);
#2678 = LINE('',#2679,#2680);
#2679 = CARTESIAN_POINT('',(240.,-5.878304635907E-14,-1.));
#2680 = VECTOR('',#2681,1.);
#2681 = DIRECTION('',(0.,0.,1.));
#2682 = ORIENTED_EDGE('',*,*,#2600,.T.);
#2683 = ORIENTED_EDGE('',*,*,#2677,.T.);
#2684 = FACE_BOUND('',#2685,.F.);
#2685 = EDGE_LOOP('',(#2686,#2697,#2705,#2714));
#2686 = ORIENTED_EDGE('',*,*,#2687,.F.);
#2687 = EDGE_CURVE('',#2688,#2690,#2692,.T.);
#2688 = VERTEX_POINT('',#2689);
#2689 = CARTESIAN_POINT('',(174.5831757777,164.68368084109,41.));
#2690 = VERTEX_POINT('',#2691);
#2691 = CARTESIAN_POINT('',(164.68368084109,174.5831757777,41.));
#2692 = CIRCLE('',#2693,240.);
#2693 = AXIS2_PLACEMENT_3D('',#2694,#2695,#2696);
#2694 = CARTESIAN_POINT('',(0.,0.,41.));
#2695 = DIRECTION('',(0.,0.,1.));
#2696 = DIRECTION('',(1.,0.,-0.));
#2697 = ORIENTED_EDGE('',*,*,#2698,.T.);
#2698 = EDGE_CURVE('',#2688,#2699,#2701,.T.);
#2699 = VERTEX_POINT('',#2700);
#2700 = CARTESIAN_POINT('',(174.5831757777,164.68368084109,59.));
#2701 = LINE('',#2702,#2703);
#2702 = CARTESIAN_POINT('',(174.5831757777,164.68368084109,-1.));
#2703 = VECTOR('',#2704,1.);
#2704 = DIRECTION('',(0.,0.,1.));
#2705 = ORIENTED_EDGE('',*,*,#2706,.T.);
#2706 = EDGE_CURVE('',#2699,#2707,#2709,.T.);
#2707 = VERTEX_POINT('',#2708);
#2708 = CARTESIAN_POINT('',(164.68368084109,174.5831757777,59.));
#2709 = CIRCLE('',#2710,240.);
#2710 = AXIS2_PLACEMENT_3D('',#2711,#2712,#2713);
#2711 = CARTESIAN_POINT('',(0.,0.,59.));
#2712 = DIRECTION('',(0.,0.,1.));
#2713 = DIRECTION('',(1.,0.,-0.));
#2714 = ORIENTED_EDGE('',*,*,#2715,.F.);
#2715 = EDGE_CURVE('',#2690,#2707,#2716,.T.);
#2716 = LINE('',#2717,#2718);
#2717 = CARTESIAN_POINT('',(164.68368084109,174.5831757777,-1.));
#2718 = VECTOR('',#2719,1.);
#2719 = DIRECTION('',(0.,0.,1.));
#2720 = FACE_BOUND('',#2721,.F.);
#2721 = EDGE_LOOP('',(#2722,#2733,#2741,#2750));
#2722 = ORIENTED_EDGE('',*,*,#2723,.F.);
#2723 = EDGE_CURVE('',#2724,#2726,#2728,.T.);
#2724 = VERTEX_POINT('',#2725);
#2725 = CARTESIAN_POINT('',(7.,239.89789494699,41.));
#2726 = VERTEX_POINT('',#2727);
#2727 = CARTESIAN_POINT('',(-7.,239.89789494699,41.));
#2728 = CIRCLE('',#2729,240.);
#2729 = AXIS2_PLACEMENT_3D('',#2730,#2731,#2732);
#2730 = CARTESIAN_POINT('',(0.,0.,41.));
#2731 = DIRECTION('',(0.,0.,1.));
#2732 = DIRECTION('',(1.,0.,-0.));
#2733 = ORIENTED_EDGE('',*,*,#2734,.T.);
#2734 = EDGE_CURVE('',#2724,#2735,#2737,.T.);
#2735 = VERTEX_POINT('',#2736);
#2736 = CARTESIAN_POINT('',(7.,239.89789494699,59.));
#2737 = LINE('',#2738,#2739);
#2738 = CARTESIAN_POINT('',(7.,239.89789494699,-1.));
#2739 = VECTOR('',#2740,1.);
#2740 = DIRECTION('',(0.,0.,1.));
#2741 = ORIENTED_EDGE('',*,*,#2742,.T.);
#2742 = EDGE_CURVE('',#2735,#2743,#2745,.T.);
#2743 = VERTEX_POINT('',#2744);
#2744 = CARTESIAN_POINT('',(-7.,239.89789494699,59.));
#2745 = CIRCLE('',#2746,240.);
#2746 = AXIS2_PLACEMENT_3D('',#2747,#2748,#2749);
#2747 = CARTESIAN_POINT('',(0.,0.,59.));
#2748 = DIRECTION('',(0.,0.,1.));
#2749 = DIRECTION('',(1.,0.,-0.));
#2750 = ORIENTED_EDGE('',*,*,#2751,.F.);
#2751 = EDGE_CURVE('',#2726,#2743,#2752,.T.);
#2752 = LINE('',#2753,#2754);
#2753 = CARTESIAN_POINT('',(-7.,239.89789494699,-1.));
#2754 = VECTOR('',#2755,1.);
#2755 = DIRECTION('',(0.,0.,1.));
#2756 = FACE_BOUND('',#2757,.F.);
#2757 = EDGE_LOOP('',(#2758,#2769,#2777,#2786));
#2758 = ORIENTED_EDGE('',*,*,#2759,.F.);
#2759 = EDGE_CURVE('',#2760,#2762,#2764,.T.);
#2760 = VERTEX_POINT('',#2761);
#2761 = CARTESIAN_POINT('',(-164.683680841,174.5831757777,41.));
#2762 = VERTEX_POINT('',#2763);
#2763 = CARTESIAN_POINT('',(-174.5831757777,164.68368084109,41.));
#2764 = CIRCLE('',#2765,240.);
#2765 = AXIS2_PLACEMENT_3D('',#2766,#2767,#2768);
#2766 = CARTESIAN_POINT('',(0.,0.,41.));
#2767 = DIRECTION('',(0.,0.,1.));
#2768 = DIRECTION('',(1.,0.,-0.));
#2769 = ORIENTED_EDGE('',*,*,#2770,.T.);
#2770 = EDGE_CURVE('',#2760,#2771,#2773,.T.);
#2771 = VERTEX_POINT('',#2772);
#2772 = CARTESIAN_POINT('',(-164.683680841,174.5831757777,59.));
#2773 = LINE('',#2774,#2775);
#2774 = CARTESIAN_POINT('',(-164.683680841,174.5831757777,-1.));
#2775 = VECTOR('',#2776,1.);
#2776 = DIRECTION('',(0.,0.,1.));
#2777 = ORIENTED_EDGE('',*,*,#2778,.T.);
#2778 = EDGE_CURVE('',#2771,#2779,#2781,.T.);
#2779 = VERTEX_POINT('',#2780);
#2780 = CARTESIAN_POINT('',(-174.5831757777,164.68368084109,59.));
#2781 = CIRCLE('',#2782,240.);
#2782 = AXIS2_PLACEMENT_3D('',#2783,#2784,#2785);
#2783 = CARTESIAN_POINT('',(0.,0.,59.));
#2784 = DIRECTION('',(0.,0.,1.));
#2785 = DIRECTION('',(1.,0.,-0.));
#2786 = ORIENTED_EDGE('',*,*,#2787,.F.);
#2787 = EDGE_CURVE('',#2762,#2779,#2788,.T.);
#2788 = LINE('',#2789,#2790);
#2789 = CARTESIAN_POINT('',(-174.5831757777,164.68368084109,-1.));
#2790 = VECTOR('',#2791,1.);
#2791 = DIRECTION('',(0.,0.,1.));
#2792 = FACE_BOUND('',#2793,.F.);
#2793 = EDGE_LOOP('',(#2794,#2805,#2813,#2822));
#2794 = ORIENTED_EDGE('',*,*,#2795,.F.);
#2795 = EDGE_CURVE('',#2796,#2798,#2800,.T.);
#2796 = VERTEX_POINT('',#2797);
#2797 = CARTESIAN_POINT('',(-239.8978949469,7.,41.));
#2798 = VERTEX_POINT('',#2799);
#2799 = CARTESIAN_POINT('',(-239.8978949469,-7.,41.));
#2800 = CIRCLE('',#2801,240.);
#2801 = AXIS2_PLACEMENT_3D('',#2802,#2803,#2804);
#2802 = CARTESIAN_POINT('',(0.,0.,41.));
#2803 = DIRECTION('',(0.,0.,1.));
#2804 = DIRECTION('',(1.,0.,-0.));
#2805 = ORIENTED_EDGE('',*,*,#2806,.T.);
#2806 = EDGE_CURVE('',#2796,#2807,#2809,.T.);
#2807 = VERTEX_POINT('',#2808);
#2808 = CARTESIAN_POINT('',(-239.8978949469,7.,59.));
#2809 = LINE('',#2810,#2811);
#2810 = CARTESIAN_POINT('',(-239.8978949469,7.,-1.));
#2811 = VECTOR('',#2812,1.);
#2812 = DIRECTION('',(0.,0.,1.));
#2813 = ORIENTED_EDGE('',*,*,#2814,.T.);
#2814 = EDGE_CURVE('',#2807,#2815,#2817,.T.);
#2815 = VERTEX_POINT('',#2816);
#2816 = CARTESIAN_POINT('',(-239.8978949469,-7.,59.));
#2817 = CIRCLE('',#2818,240.);
#2818 = AXIS2_PLACEMENT_3D('',#2819,#2820,#2821);
#2819 = CARTESIAN_POINT('',(0.,0.,59.));
#2820 = DIRECTION('',(0.,0.,1.));
#2821 = DIRECTION('',(1.,0.,-0.));
#2822 = ORIENTED_EDGE('',*,*,#2823,.F.);
#2823 = EDGE_CURVE('',#2798,#2815,#2824,.T.);
#2824 = LINE('',#2825,#2826);
#2825 = CARTESIAN_POINT('',(-239.8978949469,-7.,-1.));
#2826 = VECTOR('',#2827,1.);
#2827 = DIRECTION('',(0.,0.,1.));
#2828 = FACE_BOUND('',#2829,.F.);
#2829 = EDGE_LOOP('',(#2830,#2841,#2849,#2858));
#2830 = ORIENTED_EDGE('',*,*,#2831,.F.);
#2831 = EDGE_CURVE('',#2832,#2834,#2836,.T.);
#2832 = VERTEX_POINT('',#2833);
#2833 = CARTESIAN_POINT('',(-174.5831757777,-164.683680841,41.));
#2834 = VERTEX_POINT('',#2835);
#2835 = CARTESIAN_POINT('',(-164.683680841,-174.5831757777,41.));
#2836 = CIRCLE('',#2837,240.);
#2837 = AXIS2_PLACEMENT_3D('',#2838,#2839,#2840);
#2838 = CARTESIAN_POINT('',(0.,0.,41.));
#2839 = DIRECTION('',(0.,0.,1.));
#2840 = DIRECTION('',(1.,0.,-0.));
#2841 = ORIENTED_EDGE('',*,*,#2842,.T.);
#2842 = EDGE_CURVE('',#2832,#2843,#2845,.T.);
#2843 = VERTEX_POINT('',#2844);
#2844 = CARTESIAN_POINT('',(-174.5831757777,-164.683680841,59.));
#2845 = LINE('',#2846,#2847);
#2846 = CARTESIAN_POINT('',(-174.5831757777,-164.683680841,-1.));
#2847 = VECTOR('',#2848,1.);
#2848 = DIRECTION('',(0.,0.,1.));
#2849 = ORIENTED_EDGE('',*,*,#2850,.T.);
#2850 = EDGE_CURVE('',#2843,#2851,#2853,.T.);
#2851 = VERTEX_POINT('',#2852);
#2852 = CARTESIAN_POINT('',(-164.683680841,-174.5831757777,59.));
#2853 = CIRCLE('',#2854,240.);
#2854 = AXIS2_PLACEMENT_3D('',#2855,#2856,#2857);
#2855 = CARTESIAN_POINT('',(0.,0.,59.));
#2856 = DIRECTION('',(0.,0.,1.));
#2857 = DIRECTION('',(1.,0.,-0.));
#2858 = ORIENTED_EDGE('',*,*,#2859,.F.);
#2859 = EDGE_CURVE('',#2834,#2851,#2860,.T.);
#2860 = LINE('',#2861,#2862);
#2861 = CARTESIAN_POINT('',(-164.683680841,-174.5831757777,-1.));
#2862 = VECTOR('',#2863,1.);
#2863 = DIRECTION('',(0.,0.,1.));
#2864 = FACE_BOUND('',#2865,.F.);
#2865 = EDGE_LOOP('',(#2866,#2877,#2885,#2894));
#2866 = ORIENTED_EDGE('',*,*,#2867,.F.);
#2867 = EDGE_CURVE('',#2868,#2870,#2872,.T.);
#2868 = VERTEX_POINT('',#2869);
#2869 = CARTESIAN_POINT('',(-7.,-239.8978949469,41.));
#2870 = VERTEX_POINT('',#2871);
#2871 = CARTESIAN_POINT('',(7.,-239.8978949469,41.));
#2872 = CIRCLE('',#2873,240.);
#2873 = AXIS2_PLACEMENT_3D('',#2874,#2875,#2876);
#2874 = CARTESIAN_POINT('',(0.,0.,41.));
#2875 = DIRECTION('',(0.,0.,1.));
#2876 = DIRECTION('',(1.,0.,-0.));
#2877 = ORIENTED_EDGE('',*,*,#2878,.T.);
#2878 = EDGE_CURVE('',#2868,#2879,#2881,.T.);
#2879 = VERTEX_POINT('',#2880);
#2880 = CARTESIAN_POINT('',(-7.,-239.8978949469,59.));
#2881 = LINE('',#2882,#2883);
#2882 = CARTESIAN_POINT('',(-7.,-239.8978949469,-1.));
#2883 = VECTOR('',#2884,1.);
#2884 = DIRECTION('',(0.,0.,1.));
#2885 = ORIENTED_EDGE('',*,*,#2886,.T.);
#2886 = EDGE_CURVE('',#2879,#2887,#2889,.T.);
#2887 = VERTEX_POINT('',#2888);
#2888 = CARTESIAN_POINT('',(7.,-239.8978949469,59.));
#2889 = CIRCLE('',#2890,240.);
#2890 = AXIS2_PLACEMENT_3D('',#2891,#2892,#2893);
#2891 = CARTESIAN_POINT('',(0.,0.,59.));
#2892 = DIRECTION('',(0.,0.,1.));
#2893 = DIRECTION('',(1.,0.,-0.));
#2894 = ORIENTED_EDGE('',*,*,#2895,.F.);
#2895 = EDGE_CURVE('',#2870,#2887,#2896,.T.);
#2896 = LINE('',#2897,#2898);
#2897 = CARTESIAN_POINT('',(7.,-239.8978949469,-1.));
#2898 = VECTOR('',#2899,1.);
#2899 = DIRECTION('',(0.,0.,1.));
#2900 = FACE_BOUND('',#2901,.F.);
#2901 = EDGE_LOOP('',(#2902,#2913,#2921,#2930));
#2902 = ORIENTED_EDGE('',*,*,#2903,.F.);
#2903 = EDGE_CURVE('',#2904,#2906,#2908,.T.);
#2904 = VERTEX_POINT('',#2905);
#2905 = CARTESIAN_POINT('',(164.68368084109,-174.5831757777,41.));
#2906 = VERTEX_POINT('',#2907);
#2907 = CARTESIAN_POINT('',(174.5831757777,-164.683680841,41.));
#2908 = CIRCLE('',#2909,240.);
#2909 = AXIS2_PLACEMENT_3D('',#2910,#2911,#2912);
#2910 = CARTESIAN_POINT('',(0.,0.,41.));
#2911 = DIRECTION('',(0.,0.,1.));
#2912 = DIRECTION('',(1.,0.,-0.));
#2913 = ORIENTED_EDGE('',*,*,#2914,.T.);
#2914 = EDGE_CURVE('',#2904,#2915,#2917,.T.);
#2915 = VERTEX_POINT('',#2916);
#2916 = CARTESIAN_POINT('',(164.68368084109,-174.5831757777,59.));
#2917 = LINE('',#2918,#2919);
#2918 = CARTESIAN_POINT('',(164.68368084109,-174.5831757777,-1.));
#2919 = VECTOR('',#2920,1.);
#2920 = DIRECTION('',(0.,0.,1.));
#2921 = ORIENTED_EDGE('',*,*,#2922,.T.);
#2922 = EDGE_CURVE('',#2915,#2923,#2925,.T.);
#2923 = VERTEX_POINT('',#2924);
#2924 = CARTESIAN_POINT('',(174.5831757777,-164.683680841,59.));
#2925 = CIRCLE('',#2926,240.);
#2926 = AXIS2_PLACEMENT_3D('',#2927,#2928,#2929);
#2927 = CARTESIAN_POINT('',(0.,0.,59.));
#2928 = DIRECTION('',(0.,0.,1.));
#2929 = DIRECTION('',(1.,0.,-0.));
#2930 = ORIENTED_EDGE('',*,*,#2931,.F.);
#2931 = EDGE_CURVE('',#2906,#2923,#2932,.T.);
#2932 = LINE('',#2933,#2934);
#2933 = CARTESIAN_POINT('',(174.5831757777,-164.683680841,-1.));
#2934 = VECTOR('',#2935,1.);
#2935 = DIRECTION('',(0.,0.,1.));
#2936 = CYLINDRICAL_SURFACE('',#2937,240.);
#2937 = AXIS2_PLACEMENT_3D('',#2938,#2939,#2940);
#2938 = CARTESIAN_POINT('',(0.,0.,-1.));
#2939 = DIRECTION('',(0.,0.,1.));
#2940 = DIRECTION('',(1.,0.,-0.));
#2941 = ADVANCED_FACE('',(#2942),#2978,.F.);
#2942 = FACE_BOUND('',#2943,.F.);
#2943 = EDGE_LOOP('',(#2944,#2952,#2961,#2970,#2976,#2977));
#2944 = ORIENTED_EDGE('',*,*,#2945,.F.);
#2945 = EDGE_CURVE('',#2946,#2663,#2948,.T.);
#2946 = VERTEX_POINT('',#2947);
#2947 = CARTESIAN_POINT('',(59.590267661758,7.,41.));
#2948 = LINE('',#2949,#2950);
#2949 = CARTESIAN_POINT('',(36.,7.,41.));
#2950 = VECTOR('',#2951,1.);
#2951 = DIRECTION('',(1.,0.,0.));
#2952 = ORIENTED_EDGE('',*,*,#2953,.F.);
#2953 = EDGE_CURVE('',#2954,#2946,#2956,.T.);
#2954 = VERTEX_POINT('',#2955);
#2955 = CARTESIAN_POINT('',(60.,-1.469576158977E-14,41.));
#2956 = CIRCLE('',#2957,60.);
#2957 = AXIS2_PLACEMENT_3D('',#2958,#2959,#2960);
#2958 = CARTESIAN_POINT('',(0.,0.,41.));
#2959 = DIRECTION('',(0.,0.,1.));
#2960 = DIRECTION('',(1.,0.,-0.));
#2961 = ORIENTED_EDGE('',*,*,#2962,.F.);
#2962 = EDGE_CURVE('',#2963,#2954,#2965,.T.);
#2963 = VERTEX_POINT('',#2964);
#2964 = CARTESIAN_POINT('',(59.590267661758,-7.,41.));
#2965 = CIRCLE('',#2966,60.);
#2966 = AXIS2_PLACEMENT_3D('',#2967,#2968,#2969);
#2967 = CARTESIAN_POINT('',(0.,0.,41.));
#2968 = DIRECTION('',(0.,0.,1.));
#2969 = DIRECTION('',(1.,0.,-0.));
#2970 = ORIENTED_EDGE('',*,*,#2971,.T.);
#2971 = EDGE_CURVE('',#2963,#2618,#2972,.T.);
#2972 = LINE('',#2973,#2974);
#2973 = CARTESIAN_POINT('',(36.,-7.,41.));
#2974 = VECTOR('',#2975,1.);
#2975 = DIRECTION('',(1.,0.,0.));
#2976 = ORIENTED_EDGE('',*,*,#2617,.T.);
#2977 = ORIENTED_EDGE('',*,*,#2670,.T.);
#2978 = PLANE('',#2979);
#2979 = AXIS2_PLACEMENT_3D('',#2980,#2981,#2982);
#2980 = CARTESIAN_POINT('',(36.,-7.,41.));
#2981 = DIRECTION('',(0.,0.,1.));
#2982 = DIRECTION('',(1.,0.,0.));
#2983 = ADVANCED_FACE('',(#2984),#3002,.T.);
#2984 = FACE_BOUND('',#2985,.T.);
#2985 = EDGE_LOOP('',(#2986,#2987,#2995,#3001));
#2986 = ORIENTED_EDGE('',*,*,#2945,.F.);
#2987 = ORIENTED_EDGE('',*,*,#2988,.T.);
#2988 = EDGE_CURVE('',#2946,#2989,#2991,.T.);
#2989 = VERTEX_POINT('',#2990);
#2990 = CARTESIAN_POINT('',(59.590267661758,7.,59.));
#2991 = LINE('',#2992,#2993);
#2992 = CARTESIAN_POINT('',(59.590267661758,7.,-4.));
#2993 = VECTOR('',#2994,1.);
#2994 = DIRECTION('',(0.,0.,1.));
#2995 = ORIENTED_EDGE('',*,*,#2996,.T.);
#2996 = EDGE_CURVE('',#2989,#2654,#2997,.T.);
#2997 = LINE('',#2998,#2999);
#2998 = CARTESIAN_POINT('',(36.,7.,59.));
#2999 = VECTOR('',#3000,1.);
#3000 = DIRECTION('',(1.,0.,0.));
#3001 = ORIENTED_EDGE('',*,*,#2662,.F.);
#3002 = PLANE('',#3003);
#3003 = AXIS2_PLACEMENT_3D('',#3004,#3005,#3006);
#3004 = CARTESIAN_POINT('',(36.,7.,41.));
#3005 = DIRECTION('',(0.,1.,0.));
#3006 = DIRECTION('',(0.,0.,1.));
#3007 = ADVANCED_FACE('',(#3008),#3037,.T.);
#3008 = FACE_BOUND('',#3009,.T.);
#3009 = EDGE_LOOP('',(#3010,#3011,#3020,#3029,#3035,#3036));
#3010 = ORIENTED_EDGE('',*,*,#2996,.F.);
#3011 = ORIENTED_EDGE('',*,*,#3012,.F.);
#3012 = EDGE_CURVE('',#3013,#2989,#3015,.T.);
#3013 = VERTEX_POINT('',#3014);
#3014 = CARTESIAN_POINT('',(60.,-1.469576158977E-14,59.));
#3015 = CIRCLE('',#3016,60.);
#3016 = AXIS2_PLACEMENT_3D('',#3017,#3018,#3019);
#3017 = CARTESIAN_POINT('',(0.,0.,59.));
#3018 = DIRECTION('',(0.,0.,1.));
#3019 = DIRECTION('',(1.,0.,-0.));
#3020 = ORIENTED_EDGE('',*,*,#3021,.F.);
#3021 = EDGE_CURVE('',#3022,#3013,#3024,.T.);
#3022 = VERTEX_POINT('',#3023);
#3023 = CARTESIAN_POINT('',(59.590267661758,-7.,59.));
#3024 = CIRCLE('',#3025,60.);
#3025 = AXIS2_PLACEMENT_3D('',#3026,#3027,#3028);
#3026 = CARTESIAN_POINT('',(0.,0.,59.));
#3027 = DIRECTION('',(0.,0.,1.));
#3028 = DIRECTION('',(1.,0.,-0.));
#3029 = ORIENTED_EDGE('',*,*,#3030,.T.);
#3030 = EDGE_CURVE('',#3022,#2629,#3031,.T.);
#3031 = LINE('',#3032,#3033);
#3032 = CARTESIAN_POINT('',(36.,-7.,59.));
#3033 = VECTOR('',#3034,1.);
#3034 = DIRECTION('',(1.,0.,0.));
#3035 = ORIENTED_EDGE('',*,*,#2636,.T.);
#3036 = ORIENTED_EDGE('',*,*,#2653,.T.);
#3037 = PLANE('',#3038);
#3038 = AXIS2_PLACEMENT_3D('',#3039,#3040,#3041);
#3039 = CARTESIAN_POINT('',(36.,-7.,59.));
#3040 = DIRECTION('',(0.,0.,1.));
#3041 = DIRECTION('',(1.,0.,0.));
#3042 = ADVANCED_FACE('',(#3043),#3054,.F.);
#3043 = FACE_BOUND('',#3044,.F.);
#3044 = EDGE_LOOP('',(#3045,#3046,#3052,#3053));
#3045 = ORIENTED_EDGE('',*,*,#2971,.F.);
#3046 = ORIENTED_EDGE('',*,*,#3047,.T.);
#3047 = EDGE_CURVE('',#2963,#3022,#3048,.T.);
#3048 = LINE('',#3049,#3050);
#3049 = CARTESIAN_POINT('',(59.590267661758,-7.,-4.));
#3050 = VECTOR('',#3051,1.);
#3051 = DIRECTION('',(0.,0.,1.));
#3052 = ORIENTED_EDGE('',*,*,#3030,.T.);
#3053 = ORIENTED_EDGE('',*,*,#2628,.F.);
#3054 = PLANE('',#3055);
#3055 = AXIS2_PLACEMENT_3D('',#3056,#3057,#3058);
#3056 = CARTESIAN_POINT('',(36.,-7.,41.));
#3057 = DIRECTION('',(0.,1.,0.));
#3058 = DIRECTION('',(0.,0.,1.));
#3059 = ADVANCED_FACE('',(#3060),#3086,.F.);
#3060 = FACE_BOUND('',#3061,.F.);
#3061 = EDGE_LOOP('',(#3062,#3070,#3079,#3085));
#3062 = ORIENTED_EDGE('',*,*,#3063,.F.);
#3063 = EDGE_CURVE('',#3064,#2690,#3066,.T.);
#3064 = VERTEX_POINT('',#3065);
#3065 = CARTESIAN_POINT('',(37.186934888045,47.086429824657,41.));
#3066 = LINE('',#3067,#3068);
#3067 = CARTESIAN_POINT('',(20.50609665441,30.405591591022,41.));
#3068 = VECTOR('',#3069,1.);
#3069 = DIRECTION('',(0.707106781187,0.707106781187,0.));
#3070 = ORIENTED_EDGE('',*,*,#3071,.F.);
#3071 = EDGE_CURVE('',#3072,#3064,#3074,.T.);
#3072 = VERTEX_POINT('',#3073);
#3073 = CARTESIAN_POINT('',(47.086429824657,37.186934888045,41.));
#3074 = CIRCLE('',#3075,60.);
#3075 = AXIS2_PLACEMENT_3D('',#3076,#3077,#3078);
#3076 = CARTESIAN_POINT('',(0.,0.,41.));
#3077 = DIRECTION('',(0.,0.,1.));
#3078 = DIRECTION('',(1.,0.,-0.));
#3079 = ORIENTED_EDGE('',*,*,#3080,.T.);
#3080 = EDGE_CURVE('',#3072,#2688,#3081,.T.);
#3081 = LINE('',#3082,#3083);
#3082 = CARTESIAN_POINT('',(30.405591591022,20.50609665441,41.));
#3083 = VECTOR('',#3084,1.);
#3084 = DIRECTION('',(0.707106781187,0.707106781187,0.));
#3085 = ORIENTED_EDGE('',*,*,#2687,.T.);
#3086 = PLANE('',#3087);
#3087 = AXIS2_PLACEMENT_3D('',#3088,#3089,#3090);
#3088 = CARTESIAN_POINT('',(30.405591591022,20.50609665441,41.));
#3089 = DIRECTION('',(0.,0.,1.));
#3090 = DIRECTION('',(0.707106781187,0.707106781187,0.));
#3091 = ADVANCED_FACE('',(#3092),#3110,.F.);
#3092 = FACE_BOUND('',#3093,.F.);
#3093 = EDGE_LOOP('',(#3094,#3095,#3103,#3109));
#3094 = ORIENTED_EDGE('',*,*,#3080,.F.);
#3095 = ORIENTED_EDGE('',*,*,#3096,.T.);
#3096 = EDGE_CURVE('',#3072,#3097,#3099,.T.);
#3097 = VERTEX_POINT('',#3098);
#3098 = CARTESIAN_POINT('',(47.086429824657,37.186934888045,59.));
#3099 = LINE('',#3100,#3101);
#3100 = CARTESIAN_POINT('',(47.086429824657,37.186934888045,-4.));
#3101 = VECTOR('',#3102,1.);
#3102 = DIRECTION('',(0.,0.,1.));
#3103 = ORIENTED_EDGE('',*,*,#3104,.T.);
#3104 = EDGE_CURVE('',#3097,#2699,#3105,.T.);
#3105 = LINE('',#3106,#3107);
#3106 = CARTESIAN_POINT('',(30.405591591022,20.50609665441,59.));
#3107 = VECTOR('',#3108,1.);
#3108 = DIRECTION('',(0.707106781187,0.707106781187,0.));
#3109 = ORIENTED_EDGE('',*,*,#2698,.F.);
#3110 = PLANE('',#3111);
#3111 = AXIS2_PLACEMENT_3D('',#3112,#3113,#3114);
#3112 = CARTESIAN_POINT('',(30.405591591022,20.50609665441,41.));
#3113 = DIRECTION('',(-0.707106781187,0.707106781187,0.));
#3114 = DIRECTION('',(0.,0.,1.));
#3115 = ADVANCED_FACE('',(#3116),#3134,.T.);
#3116 = FACE_BOUND('',#3117,.T.);
#3117 = EDGE_LOOP('',(#3118,#3119,#3127,#3133));
#3118 = ORIENTED_EDGE('',*,*,#3063,.F.);
#3119 = ORIENTED_EDGE('',*,*,#3120,.T.);
#3120 = EDGE_CURVE('',#3064,#3121,#3123,.T.);
#3121 = VERTEX_POINT('',#3122);
#3122 = CARTESIAN_POINT('',(37.186934888045,47.086429824657,59.));
#3123 = LINE('',#3124,#3125);
#3124 = CARTESIAN_POINT('',(37.186934888045,47.086429824657,-4.));
#3125 = VECTOR('',#3126,1.);
#3126 = DIRECTION('',(0.,0.,1.));
#3127 = ORIENTED_EDGE('',*,*,#3128,.T.);
#3128 = EDGE_CURVE('',#3121,#2707,#3129,.T.);
#3129 = LINE('',#3130,#3131);
#3130 = CARTESIAN_POINT('',(20.50609665441,30.405591591022,59.));
#3131 = VECTOR('',#3132,1.);
#3132 = DIRECTION('',(0.707106781187,0.707106781187,0.));
#3133 = ORIENTED_EDGE('',*,*,#2715,.F.);
#3134 = PLANE('',#3135);
#3135 = AXIS2_PLACEMENT_3D('',#3136,#3137,#3138);
#3136 = CARTESIAN_POINT('',(20.50609665441,30.405591591022,41.));
#3137 = DIRECTION('',(-0.707106781187,0.707106781187,0.));
#3138 = DIRECTION('',(0.,0.,1.));
#3139 = ADVANCED_FACE('',(#3140),#3152,.T.);
#3140 = FACE_BOUND('',#3141,.T.);
#3141 = EDGE_LOOP('',(#3142,#3143,#3150,#3151));
#3142 = ORIENTED_EDGE('',*,*,#3128,.F.);
#3143 = ORIENTED_EDGE('',*,*,#3144,.F.);
#3144 = EDGE_CURVE('',#3097,#3121,#3145,.T.);
#3145 = CIRCLE('',#3146,60.);
#3146 = AXIS2_PLACEMENT_3D('',#3147,#3148,#3149);
#3147 = CARTESIAN_POINT('',(0.,0.,59.));
#3148 = DIRECTION('',(0.,0.,1.));
#3149 = DIRECTION('',(1.,0.,-0.));
#3150 = ORIENTED_EDGE('',*,*,#3104,.T.);
#3151 = ORIENTED_EDGE('',*,*,#2706,.T.);
#3152 = PLANE('',#3153);
#3153 = AXIS2_PLACEMENT_3D('',#3154,#3155,#3156);
#3154 = CARTESIAN_POINT('',(30.405591591022,20.50609665441,59.));
#3155 = DIRECTION('',(0.,0.,1.));
#3156 = DIRECTION('',(0.707106781187,0.707106781187,0.));
#3157 = ADVANCED_FACE('',(#3158),#3184,.F.);
#3158 = FACE_BOUND('',#3159,.F.);
#3159 = EDGE_LOOP('',(#3160,#3168,#3177,#3183));
#3160 = ORIENTED_EDGE('',*,*,#3161,.F.);
#3161 = EDGE_CURVE('',#3162,#2726,#3164,.T.);
#3162 = VERTEX_POINT('',#3163);
#3163 = CARTESIAN_POINT('',(-7.,59.590267661758,41.));
#3164 = LINE('',#3165,#3166);
#3165 = CARTESIAN_POINT('',(-7.,36.,41.));
#3166 = VECTOR('',#3167,1.);
#3167 = DIRECTION('',(1.110223024625E-16,1.,0.));
#3168 = ORIENTED_EDGE('',*,*,#3169,.F.);
#3169 = EDGE_CURVE('',#3170,#3162,#3172,.T.);
#3170 = VERTEX_POINT('',#3171);
#3171 = CARTESIAN_POINT('',(7.,59.590267661758,41.));
#3172 = CIRCLE('',#3173,60.);
#3173 = AXIS2_PLACEMENT_3D('',#3174,#3175,#3176);
#3174 = CARTESIAN_POINT('',(0.,0.,41.));
#3175 = DIRECTION('',(0.,0.,1.));
#3176 = DIRECTION('',(1.,0.,-0.));
#3177 = ORIENTED_EDGE('',*,*,#3178,.T.);
#3178 = EDGE_CURVE('',#3170,#2724,#3179,.T.);
#3179 = LINE('',#3180,#3181);
#3180 = CARTESIAN_POINT('',(7.,36.,41.));
#3181 = VECTOR('',#3182,1.);
#3182 = DIRECTION('',(1.110223024625E-16,1.,0.));
#3183 = ORIENTED_EDGE('',*,*,#2723,.T.);
#3184 = PLANE('',#3185);
#3185 = AXIS2_PLACEMENT_3D('',#3186,#3187,#3188);
#3186 = CARTESIAN_POINT('',(7.,36.,41.));
#3187 = DIRECTION('',(0.,0.,1.));
#3188 = DIRECTION('',(1.110223024625E-16,1.,0.));
#3189 = ADVANCED_FACE('',(#3190),#3208,.F.);
#3190 = FACE_BOUND('',#3191,.F.);
#3191 = EDGE_LOOP('',(#3192,#3193,#3201,#3207));
#3192 = ORIENTED_EDGE('',*,*,#3178,.F.);
#3193 = ORIENTED_EDGE('',*,*,#3194,.T.);
#3194 = EDGE_CURVE('',#3170,#3195,#3197,.T.);
#3195 = VERTEX_POINT('',#3196);
#3196 = CARTESIAN_POINT('',(7.,59.590267661758,59.));
#3197 = LINE('',#3198,#3199);
#3198 = CARTESIAN_POINT('',(7.,59.590267661758,-4.));
#3199 = VECTOR('',#3200,1.);
#3200 = DIRECTION('',(0.,0.,1.));
#3201 = ORIENTED_EDGE('',*,*,#3202,.T.);
#3202 = EDGE_CURVE('',#3195,#2735,#3203,.T.);
#3203 = LINE('',#3204,#3205);
#3204 = CARTESIAN_POINT('',(7.,36.,59.));
#3205 = VECTOR('',#3206,1.);
#3206 = DIRECTION('',(1.110223024625E-16,1.,0.));
#3207 = ORIENTED_EDGE('',*,*,#2734,.F.);
#3208 = PLANE('',#3209);
#3209 = AXIS2_PLACEMENT_3D('',#3210,#3211,#3212);
#3210 = CARTESIAN_POINT('',(7.,36.,41.));
#3211 = DIRECTION('',(-1.,1.110223024625E-16,0.));
#3212 = DIRECTION('',(0.,0.,1.));
#3213 = ADVANCED_FACE('',(#3214),#3232,.T.);
#3214 = FACE_BOUND('',#3215,.T.);
#3215 = EDGE_LOOP('',(#3216,#3217,#3225,#3231));
#3216 = ORIENTED_EDGE('',*,*,#3161,.F.);
#3217 = ORIENTED_EDGE('',*,*,#3218,.T.);
#3218 = EDGE_CURVE('',#3162,#3219,#3221,.T.);
#3219 = VERTEX_POINT('',#3220);
#3220 = CARTESIAN_POINT('',(-7.,59.590267661758,59.));
#3221 = LINE('',#3222,#3223);
#3222 = CARTESIAN_POINT('',(-7.,59.590267661758,-4.));
#3223 = VECTOR('',#3224,1.);
#3224 = DIRECTION('',(0.,0.,1.));
#3225 = ORIENTED_EDGE('',*,*,#3226,.T.);
#3226 = EDGE_CURVE('',#3219,#2743,#3227,.T.);
#3227 = LINE('',#3228,#3229);
#3228 = CARTESIAN_POINT('',(-7.,36.,59.));
#3229 = VECTOR('',#3230,1.);
#3230 = DIRECTION('',(1.110223024625E-16,1.,0.));
#3231 = ORIENTED_EDGE('',*,*,#2751,.F.);
#3232 = PLANE('',#3233);
#3233 = AXIS2_PLACEMENT_3D('',#3234,#3235,#3236);
#3234 = CARTESIAN_POINT('',(-7.,36.,41.));
#3235 = DIRECTION('',(-1.,1.110223024625E-16,0.));
#3236 = DIRECTION('',(0.,0.,1.));
#3237 = ADVANCED_FACE('',(#3238),#3250,.T.);
#3238 = FACE_BOUND('',#3239,.T.);
#3239 = EDGE_LOOP('',(#3240,#3241,#3248,#3249));
#3240 = ORIENTED_EDGE('',*,*,#3226,.F.);
#3241 = ORIENTED_EDGE('',*,*,#3242,.F.);
#3242 = EDGE_CURVE('',#3195,#3219,#3243,.T.);
#3243 = CIRCLE('',#3244,60.);
#3244 = AXIS2_PLACEMENT_3D('',#3245,#3246,#3247);
#3245 = CARTESIAN_POINT('',(0.,0.,59.));
#3246 = DIRECTION('',(0.,0.,1.));
#3247 = DIRECTION('',(1.,0.,-0.));
#3248 = ORIENTED_EDGE('',*,*,#3202,.T.);
#3249 = ORIENTED_EDGE('',*,*,#2742,.T.);
#3250 = PLANE('',#3251);
#3251 = AXIS2_PLACEMENT_3D('',#3252,#3253,#3254);
#3252 = CARTESIAN_POINT('',(7.,36.,59.));
#3253 = DIRECTION('',(0.,0.,1.));
#3254 = DIRECTION('',(1.110223024625E-16,1.,0.));
#3255 = ADVANCED_FACE('',(#3256),#3282,.F.);
#3256 = FACE_BOUND('',#3257,.F.);
#3257 = EDGE_LOOP('',(#3258,#3266,#3275,#3281));
#3258 = ORIENTED_EDGE('',*,*,#3259,.F.);
#3259 = EDGE_CURVE('',#3260,#2762,#3262,.T.);
#3260 = VERTEX_POINT('',#3261);
#3261 = CARTESIAN_POINT('',(-47.08642982465,37.186934888045,41.));
#3262 = LINE('',#3263,#3264);
#3263 = CARTESIAN_POINT('',(-30.40559159102,20.50609665441,41.));
#3264 = VECTOR('',#3265,1.);
#3265 = DIRECTION('',(-0.707106781187,0.707106781187,0.));
#3266 = ORIENTED_EDGE('',*,*,#3267,.F.);
#3267 = EDGE_CURVE('',#3268,#3260,#3270,.T.);
#3268 = VERTEX_POINT('',#3269);
#3269 = CARTESIAN_POINT('',(-37.18693488804,47.086429824657,41.));
#3270 = CIRCLE('',#3271,60.);
#3271 = AXIS2_PLACEMENT_3D('',#3272,#3273,#3274);
#3272 = CARTESIAN_POINT('',(0.,0.,41.));
#3273 = DIRECTION('',(0.,0.,1.));
#3274 = DIRECTION('',(1.,0.,-0.));
#3275 = ORIENTED_EDGE('',*,*,#3276,.T.);
#3276 = EDGE_CURVE('',#3268,#2760,#3277,.T.);
#3277 = LINE('',#3278,#3279);
#3278 = CARTESIAN_POINT('',(-20.50609665441,30.405591591022,41.));
#3279 = VECTOR('',#3280,1.);
#3280 = DIRECTION('',(-0.707106781187,0.707106781187,0.));
#3281 = ORIENTED_EDGE('',*,*,#2759,.T.);
#3282 = PLANE('',#3283);
#3283 = AXIS2_PLACEMENT_3D('',#3284,#3285,#3286);
#3284 = CARTESIAN_POINT('',(-20.50609665441,30.405591591022,41.));
#3285 = DIRECTION('',(0.,0.,1.));
#3286 = DIRECTION('',(-0.707106781187,0.707106781187,0.));
#3287 = ADVANCED_FACE('',(#3288),#3306,.F.);
#3288 = FACE_BOUND('',#3289,.F.);
#3289 = EDGE_LOOP('',(#3290,#3291,#3299,#3305));
#3290 = ORIENTED_EDGE('',*,*,#3276,.F.);
#3291 = ORIENTED_EDGE('',*,*,#3292,.T.);
#3292 = EDGE_CURVE('',#3268,#3293,#3295,.T.);
#3293 = VERTEX_POINT('',#3294);
#3294 = CARTESIAN_POINT('',(-37.18693488804,47.086429824657,59.));
#3295 = LINE('',#3296,#3297);
#3296 = CARTESIAN_POINT('',(-37.18693488804,47.086429824657,-4.));
#3297 = VECTOR('',#3298,1.);
#3298 = DIRECTION('',(0.,0.,1.));
#3299 = ORIENTED_EDGE('',*,*,#3300,.T.);
#3300 = EDGE_CURVE('',#3293,#2771,#3301,.T.);
#3301 = LINE('',#3302,#3303);
#3302 = CARTESIAN_POINT('',(-20.50609665441,30.405591591022,59.));
#3303 = VECTOR('',#3304,1.);
#3304 = DIRECTION('',(-0.707106781187,0.707106781187,0.));
#3305 = ORIENTED_EDGE('',*,*,#2770,.F.);
#3306 = PLANE('',#3307);
#3307 = AXIS2_PLACEMENT_3D('',#3308,#3309,#3310);
#3308 = CARTESIAN_POINT('',(-20.50609665441,30.405591591022,41.));
#3309 = DIRECTION('',(-0.707106781187,-0.707106781187,0.));
#3310 = DIRECTION('',(0.,0.,1.));
#3311 = ADVANCED_FACE('',(#3312),#3330,.T.);
#3312 = FACE_BOUND('',#3313,.T.);
#3313 = EDGE_LOOP('',(#3314,#3315,#3323,#3329));
#3314 = ORIENTED_EDGE('',*,*,#3259,.F.);
#3315 = ORIENTED_EDGE('',*,*,#3316,.T.);
#3316 = EDGE_CURVE('',#3260,#3317,#3319,.T.);
#3317 = VERTEX_POINT('',#3318);
#3318 = CARTESIAN_POINT('',(-47.08642982465,37.186934888045,59.));
#3319 = LINE('',#3320,#3321);
#3320 = CARTESIAN_POINT('',(-47.08642982465,37.186934888045,-4.));
#3321 = VECTOR('',#3322,1.);
#3322 = DIRECTION('',(0.,0.,1.));
#3323 = ORIENTED_EDGE('',*,*,#3324,.T.);
#3324 = EDGE_CURVE('',#3317,#2779,#3325,.T.);
#3325 = LINE('',#3326,#3327);
#3326 = CARTESIAN_POINT('',(-30.40559159102,20.50609665441,59.));
#3327 = VECTOR('',#3328,1.);
#3328 = DIRECTION('',(-0.707106781187,0.707106781187,0.));
#3329 = ORIENTED_EDGE('',*,*,#2787,.F.);
#3330 = PLANE('',#3331);
#3331 = AXIS2_PLACEMENT_3D('',#3332,#3333,#3334);
#3332 = CARTESIAN_POINT('',(-30.40559159102,20.50609665441,41.));
#3333 = DIRECTION('',(-0.707106781187,-0.707106781187,0.));
#3334 = DIRECTION('',(0.,0.,1.));
#3335 = ADVANCED_FACE('',(#3336),#3348,.T.);
#3336 = FACE_BOUND('',#3337,.T.);
#3337 = EDGE_LOOP('',(#3338,#3339,#3346,#3347));
#3338 = ORIENTED_EDGE('',*,*,#3324,.F.);
#3339 = ORIENTED_EDGE('',*,*,#3340,.F.);
#3340 = EDGE_CURVE('',#3293,#3317,#3341,.T.);
#3341 = CIRCLE('',#3342,60.);
#3342 = AXIS2_PLACEMENT_3D('',#3343,#3344,#3345);
#3343 = CARTESIAN_POINT('',(0.,0.,59.));
#3344 = DIRECTION('',(0.,0.,1.));
#3345 = DIRECTION('',(1.,0.,-0.));
#3346 = ORIENTED_EDGE('',*,*,#3300,.T.);
#3347 = ORIENTED_EDGE('',*,*,#2778,.T.);
#3348 = PLANE('',#3349);
#3349 = AXIS2_PLACEMENT_3D('',#3350,#3351,#3352);
#3350 = CARTESIAN_POINT('',(-20.50609665441,30.405591591022,59.));
#3351 = DIRECTION('',(0.,0.,1.));
#3352 = DIRECTION('',(-0.707106781187,0.707106781187,0.));
#3353 = ADVANCED_FACE('',(#3354),#3380,.F.);
#3354 = FACE_BOUND('',#3355,.F.);
#3355 = EDGE_LOOP('',(#3356,#3364,#3373,#3379));
#3356 = ORIENTED_EDGE('',*,*,#3357,.F.);
#3357 = EDGE_CURVE('',#3358,#2798,#3360,.T.);
#3358 = VERTEX_POINT('',#3359);
#3359 = CARTESIAN_POINT('',(-59.59026766175,-7.,41.));
#3360 = LINE('',#3361,#3362);
#3361 = CARTESIAN_POINT('',(-36.,-7.,41.));
#3362 = VECTOR('',#3363,1.);
#3363 = DIRECTION('',(-1.,1.224646799147E-16,0.));
#3364 = ORIENTED_EDGE('',*,*,#3365,.F.);
#3365 = EDGE_CURVE('',#3366,#3358,#3368,.T.);
#3366 = VERTEX_POINT('',#3367);
#3367 = CARTESIAN_POINT('',(-59.59026766175,7.,41.));
#3368 = CIRCLE('',#3369,60.);
#3369 = AXIS2_PLACEMENT_3D('',#3370,#3371,#3372);
#3370 = CARTESIAN_POINT('',(0.,0.,41.));
#3371 = DIRECTION('',(0.,0.,1.));
#3372 = DIRECTION('',(1.,0.,-0.));
#3373 = ORIENTED_EDGE('',*,*,#3374,.T.);
#3374 = EDGE_CURVE('',#3366,#2796,#3375,.T.);
#3375 = LINE('',#3376,#3377);
#3376 = CARTESIAN_POINT('',(-36.,7.,41.));
#3377 = VECTOR('',#3378,1.);
#3378 = DIRECTION('',(-1.,1.224646799147E-16,0.));
#3379 = ORIENTED_EDGE('',*,*,#2795,.T.);
#3380 = PLANE('',#3381);
#3381 = AXIS2_PLACEMENT_3D('',#3382,#3383,#3384);
#3382 = CARTESIAN_POINT('',(-36.,7.,41.));
#3383 = DIRECTION('',(0.,0.,1.));
#3384 = DIRECTION('',(-1.,1.224646799147E-16,0.));
#3385 = ADVANCED_FACE('',(#3386),#3404,.F.);
#3386 = FACE_BOUND('',#3387,.F.);
#3387 = EDGE_LOOP('',(#3388,#3389,#3397,#3403));
#3388 = ORIENTED_EDGE('',*,*,#3374,.F.);
#3389 = ORIENTED_EDGE('',*,*,#3390,.T.);
#3390 = EDGE_CURVE('',#3366,#3391,#3393,.T.);
#3391 = VERTEX_POINT('',#3392);
#3392 = CARTESIAN_POINT('',(-59.59026766175,7.,59.));
#3393 = LINE('',#3394,#3395);
#3394 = CARTESIAN_POINT('',(-59.59026766175,7.,-4.));
#3395 = VECTOR('',#3396,1.);
#3396 = DIRECTION('',(0.,0.,1.));
#3397 = ORIENTED_EDGE('',*,*,#3398,.T.);
#3398 = EDGE_CURVE('',#3391,#2807,#3399,.T.);
#3399 = LINE('',#3400,#3401);
#3400 = CARTESIAN_POINT('',(-36.,7.,59.));
#3401 = VECTOR('',#3402,1.);
#3402 = DIRECTION('',(-1.,1.224646799147E-16,0.));
#3403 = ORIENTED_EDGE('',*,*,#2806,.F.);
#3404 = PLANE('',#3405);
#3405 = AXIS2_PLACEMENT_3D('',#3406,#3407,#3408);
#3406 = CARTESIAN_POINT('',(-36.,7.,41.));
#3407 = DIRECTION('',(-1.224646799147E-16,-1.,0.));
#3408 = DIRECTION('',(0.,0.,1.));
#3409 = ADVANCED_FACE('',(#3410),#3428,.T.);
#3410 = FACE_BOUND('',#3411,.T.);
#3411 = EDGE_LOOP('',(#3412,#3413,#3421,#3427));
#3412 = ORIENTED_EDGE('',*,*,#3357,.F.);
#3413 = ORIENTED_EDGE('',*,*,#3414,.T.);
#3414 = EDGE_CURVE('',#3358,#3415,#3417,.T.);
#3415 = VERTEX_POINT('',#3416);
#3416 = CARTESIAN_POINT('',(-59.59026766175,-7.,59.));
#3417 = LINE('',#3418,#3419);
#3418 = CARTESIAN_POINT('',(-59.59026766175,-7.,-4.));
#3419 = VECTOR('',#3420,1.);
#3420 = DIRECTION('',(0.,0.,1.));
#3421 = ORIENTED_EDGE('',*,*,#3422,.T.);
#3422 = EDGE_CURVE('',#3415,#2815,#3423,.T.);
#3423 = LINE('',#3424,#3425);
#3424 = CARTESIAN_POINT('',(-36.,-7.,59.));
#3425 = VECTOR('',#3426,1.);
#3426 = DIRECTION('',(-1.,1.224646799147E-16,0.));
#3427 = ORIENTED_EDGE('',*,*,#2823,.F.);
#3428 = PLANE('',#3429);
#3429 = AXIS2_PLACEMENT_3D('',#3430,#3431,#3432);
#3430 = CARTESIAN_POINT('',(-36.,-7.,41.));
#3431 = DIRECTION('',(-1.224646799147E-16,-1.,0.));
#3432 = DIRECTION('',(0.,0.,1.));
#3433 = ADVANCED_FACE('',(#3434),#3446,.T.);
#3434 = FACE_BOUND('',#3435,.T.);
#3435 = EDGE_LOOP('',(#3436,#3437,#3444,#3445));
#3436 = ORIENTED_EDGE('',*,*,#3422,.F.);
#3437 = ORIENTED_EDGE('',*,*,#3438,.F.);
#3438 = EDGE_CURVE('',#3391,#3415,#3439,.T.);
#3439 = CIRCLE('',#3440,60.);
#3440 = AXIS2_PLACEMENT_3D('',#3441,#3442,#3443);
#3441 = CARTESIAN_POINT('',(0.,0.,59.));
#3442 = DIRECTION('',(0.,0.,1.));
#3443 = DIRECTION('',(1.,0.,-0.));
#3444 = ORIENTED_EDGE('',*,*,#3398,.T.);
#3445 = ORIENTED_EDGE('',*,*,#2814,.T.);
#3446 = PLANE('',#3447);
#3447 = AXIS2_PLACEMENT_3D('',#3448,#3449,#3450);
#3448 = CARTESIAN_POINT('',(-36.,7.,59.));
#3449 = DIRECTION('',(0.,0.,1.));
#3450 = DIRECTION('',(-1.,1.224646799147E-16,0.));
#3451 = ADVANCED_FACE('',(#3452),#3478,.F.);
#3452 = FACE_BOUND('',#3453,.F.);
#3453 = EDGE_LOOP('',(#3454,#3462,#3471,#3477));
#3454 = ORIENTED_EDGE('',*,*,#3455,.F.);
#3455 = EDGE_CURVE('',#3456,#2834,#3458,.T.);
#3456 = VERTEX_POINT('',#3457);
#3457 = CARTESIAN_POINT('',(-37.18693488804,-47.08642982465,41.));
#3458 = LINE('',#3459,#3460);
#3459 = CARTESIAN_POINT('',(-20.50609665441,-30.40559159102,41.));
#3460 = VECTOR('',#3461,1.);
#3461 = DIRECTION('',(-0.707106781187,-0.707106781187,0.));
#3462 = ORIENTED_EDGE('',*,*,#3463,.F.);
#3463 = EDGE_CURVE('',#3464,#3456,#3466,.T.);
#3464 = VERTEX_POINT('',#3465);
#3465 = CARTESIAN_POINT('',(-47.08642982465,-37.18693488804,41.));
#3466 = CIRCLE('',#3467,60.);
#3467 = AXIS2_PLACEMENT_3D('',#3468,#3469,#3470);
#3468 = CARTESIAN_POINT('',(0.,0.,41.));
#3469 = DIRECTION('',(0.,0.,1.));
#3470 = DIRECTION('',(1.,0.,-0.));
#3471 = ORIENTED_EDGE('',*,*,#3472,.T.);
#3472 = EDGE_CURVE('',#3464,#2832,#3473,.T.);
#3473 = LINE('',#3474,#3475);
#3474 = CARTESIAN_POINT('',(-30.40559159102,-20.50609665441,41.));
#3475 = VECTOR('',#3476,1.);
#3476 = DIRECTION('',(-0.707106781187,-0.707106781187,0.));
#3477 = ORIENTED_EDGE('',*,*,#2831,.T.);
#3478 = PLANE('',#3479);
#3479 = AXIS2_PLACEMENT_3D('',#3480,#3481,#3482);
#3480 = CARTESIAN_POINT('',(-30.40559159102,-20.50609665441,41.));
#3481 = DIRECTION('',(0.,0.,1.));
#3482 = DIRECTION('',(-0.707106781187,-0.707106781187,0.));
#3483 = ADVANCED_FACE('',(#3484),#3502,.F.);
#3484 = FACE_BOUND('',#3485,.F.);
#3485 = EDGE_LOOP('',(#3486,#3487,#3495,#3501));
#3486 = ORIENTED_EDGE('',*,*,#3472,.F.);
#3487 = ORIENTED_EDGE('',*,*,#3488,.T.);
#3488 = EDGE_CURVE('',#3464,#3489,#3491,.T.);
#3489 = VERTEX_POINT('',#3490);
#3490 = CARTESIAN_POINT('',(-47.08642982465,-37.18693488804,59.));
#3491 = LINE('',#3492,#3493);
#3492 = CARTESIAN_POINT('',(-47.08642982465,-37.18693488804,-4.));
#3493 = VECTOR('',#3494,1.);
#3494 = DIRECTION('',(0.,0.,1.));
#3495 = ORIENTED_EDGE('',*,*,#3496,.T.);
#3496 = EDGE_CURVE('',#3489,#2843,#3497,.T.);
#3497 = LINE('',#3498,#3499);
#3498 = CARTESIAN_POINT('',(-30.40559159102,-20.50609665441,59.));
#3499 = VECTOR('',#3500,1.);
#3500 = DIRECTION('',(-0.707106781187,-0.707106781187,0.));
#3501 = ORIENTED_EDGE('',*,*,#2842,.F.);
#3502 = PLANE('',#3503);
#3503 = AXIS2_PLACEMENT_3D('',#3504,#3505,#3506);
#3504 = CARTESIAN_POINT('',(-30.40559159102,-20.50609665441,41.));
#3505 = DIRECTION('',(0.707106781187,-0.707106781187,0.));
#3506 = DIRECTION('',(0.,0.,1.));
#3507 = ADVANCED_FACE('',(#3508),#3526,.T.);
#3508 = FACE_BOUND('',#3509,.T.);
#3509 = EDGE_LOOP('',(#3510,#3511,#3519,#3525));
#3510 = ORIENTED_EDGE('',*,*,#3455,.F.);
#3511 = ORIENTED_EDGE('',*,*,#3512,.T.);
#3512 = EDGE_CURVE('',#3456,#3513,#3515,.T.);
#3513 = VERTEX_POINT('',#3514);
#3514 = CARTESIAN_POINT('',(-37.18693488804,-47.08642982465,59.));
#3515 = LINE('',#3516,#3517);
#3516 = CARTESIAN_POINT('',(-37.18693488804,-47.08642982465,-4.));
#3517 = VECTOR('',#3518,1.);
#3518 = DIRECTION('',(0.,0.,1.));
#3519 = ORIENTED_EDGE('',*,*,#3520,.T.);
#3520 = EDGE_CURVE('',#3513,#2851,#3521,.T.);
#3521 = LINE('',#3522,#3523);
#3522 = CARTESIAN_POINT('',(-20.50609665441,-30.40559159102,59.));
#3523 = VECTOR('',#3524,1.);
#3524 = DIRECTION('',(-0.707106781187,-0.707106781187,0.));
#3525 = ORIENTED_EDGE('',*,*,#2859,.F.);
#3526 = PLANE('',#3527);
#3527 = AXIS2_PLACEMENT_3D('',#3528,#3529,#3530);
#3528 = CARTESIAN_POINT('',(-20.50609665441,-30.40559159102,41.));
#3529 = DIRECTION('',(0.707106781187,-0.707106781187,0.));
#3530 = DIRECTION('',(0.,0.,1.));
#3531 = ADVANCED_FACE('',(#3532),#3544,.T.);
#3532 = FACE_BOUND('',#3533,.T.);
#3533 = EDGE_LOOP('',(#3534,#3535,#3542,#3543));
#3534 = ORIENTED_EDGE('',*,*,#3520,.F.);
#3535 = ORIENTED_EDGE('',*,*,#3536,.F.);
#3536 = EDGE_CURVE('',#3489,#3513,#3537,.T.);
#3537 = CIRCLE('',#3538,60.);
#3538 = AXIS2_PLACEMENT_3D('',#3539,#3540,#3541);
#3539 = CARTESIAN_POINT('',(0.,0.,59.));
#3540 = DIRECTION('',(0.,0.,1.));
#3541 = DIRECTION('',(1.,0.,-0.));
#3542 = ORIENTED_EDGE('',*,*,#3496,.T.);
#3543 = ORIENTED_EDGE('',*,*,#2850,.T.);
#3544 = PLANE('',#3545);
#3545 = AXIS2_PLACEMENT_3D('',#3546,#3547,#3548);
#3546 = CARTESIAN_POINT('',(-30.40559159102,-20.50609665441,59.));
#3547 = DIRECTION('',(0.,0.,1.));
#3548 = DIRECTION('',(-0.707106781187,-0.707106781187,0.));
#3549 = ADVANCED_FACE('',(#3550),#3576,.F.);
#3550 = FACE_BOUND('',#3551,.F.);
#3551 = EDGE_LOOP('',(#3552,#3560,#3569,#3575));
#3552 = ORIENTED_EDGE('',*,*,#3553,.F.);
#3553 = EDGE_CURVE('',#3554,#2870,#3556,.T.);
#3554 = VERTEX_POINT('',#3555);
#3555 = CARTESIAN_POINT('',(7.,-59.59026766175,41.));
#3556 = LINE('',#3557,#3558);
#3557 = CARTESIAN_POINT('',(7.,-36.,41.));
#3558 = VECTOR('',#3559,1.);
#3559 = DIRECTION('',(-2.22044604925E-16,-1.,0.));
#3560 = ORIENTED_EDGE('',*,*,#3561,.F.);
#3561 = EDGE_CURVE('',#3562,#3554,#3564,.T.);
#3562 = VERTEX_POINT('',#3563);
#3563 = CARTESIAN_POINT('',(-7.,-59.59026766175,41.));
#3564 = CIRCLE('',#3565,60.);
#3565 = AXIS2_PLACEMENT_3D('',#3566,#3567,#3568);
#3566 = CARTESIAN_POINT('',(0.,0.,41.));
#3567 = DIRECTION('',(0.,0.,1.));
#3568 = DIRECTION('',(1.,0.,-0.));
#3569 = ORIENTED_EDGE('',*,*,#3570,.T.);
#3570 = EDGE_CURVE('',#3562,#2868,#3571,.T.);
#3571 = LINE('',#3572,#3573);
#3572 = CARTESIAN_POINT('',(-7.,-36.,41.));
#3573 = VECTOR('',#3574,1.);
#3574 = DIRECTION('',(-2.22044604925E-16,-1.,0.));
#3575 = ORIENTED_EDGE('',*,*,#2867,.T.);
#3576 = PLANE('',#3577);
#3577 = AXIS2_PLACEMENT_3D('',#3578,#3579,#3580);
#3578 = CARTESIAN_POINT('',(-7.,-36.,41.));
#3579 = DIRECTION('',(0.,0.,1.));
#3580 = DIRECTION('',(-2.22044604925E-16,-1.,0.));
#3581 = ADVANCED_FACE('',(#3582),#3600,.F.);
#3582 = FACE_BOUND('',#3583,.F.);
#3583 = EDGE_LOOP('',(#3584,#3585,#3593,#3599));
#3584 = ORIENTED_EDGE('',*,*,#3570,.F.);
#3585 = ORIENTED_EDGE('',*,*,#3586,.T.);
#3586 = EDGE_CURVE('',#3562,#3587,#3589,.T.);
#3587 = VERTEX_POINT('',#3588);
#3588 = CARTESIAN_POINT('',(-7.,-59.59026766175,59.));
#3589 = LINE('',#3590,#3591);
#3590 = CARTESIAN_POINT('',(-7.,-59.59026766175,-4.));
#3591 = VECTOR('',#3592,1.);
#3592 = DIRECTION('',(0.,0.,1.));
#3593 = ORIENTED_EDGE('',*,*,#3594,.T.);
#3594 = EDGE_CURVE('',#3587,#2879,#3595,.T.);
#3595 = LINE('',#3596,#3597);
#3596 = CARTESIAN_POINT('',(-7.,-36.,59.));
#3597 = VECTOR('',#3598,1.);
#3598 = DIRECTION('',(-2.22044604925E-16,-1.,0.));
#3599 = ORIENTED_EDGE('',*,*,#2878,.F.);
#3600 = PLANE('',#3601);
#3601 = AXIS2_PLACEMENT_3D('',#3602,#3603,#3604);
#3602 = CARTESIAN_POINT('',(-7.,-36.,41.));
#3603 = DIRECTION('',(1.,-2.22044604925E-16,0.));
#3604 = DIRECTION('',(0.,0.,1.));
#3605 = ADVANCED_FACE('',(#3606),#3624,.T.);
#3606 = FACE_BOUND('',#3607,.T.);
#3607 = EDGE_LOOP('',(#3608,#3609,#3617,#3623));
#3608 = ORIENTED_EDGE('',*,*,#3553,.F.);
#3609 = ORIENTED_EDGE('',*,*,#3610,.T.);
#3610 = EDGE_CURVE('',#3554,#3611,#3613,.T.);
#3611 = VERTEX_POINT('',#3612);
#3612 = CARTESIAN_POINT('',(7.,-59.59026766175,59.));
#3613 = LINE('',#3614,#3615);
#3614 = CARTESIAN_POINT('',(7.,-59.59026766175,-4.));
#3615 = VECTOR('',#3616,1.);
#3616 = DIRECTION('',(0.,0.,1.));
#3617 = ORIENTED_EDGE('',*,*,#3618,.T.);
#3618 = EDGE_CURVE('',#3611,#2887,#3619,.T.);
#3619 = LINE('',#3620,#3621);
#3620 = CARTESIAN_POINT('',(7.,-36.,59.));
#3621 = VECTOR('',#3622,1.);
#3622 = DIRECTION('',(-2.22044604925E-16,-1.,0.));
#3623 = ORIENTED_EDGE('',*,*,#2895,.F.);
#3624 = PLANE('',#3625);
#3625 = AXIS2_PLACEMENT_3D('',#3626,#3627,#3628);
#3626 = CARTESIAN_POINT('',(7.,-36.,41.));
#3627 = DIRECTION('',(1.,-2.22044604925E-16,0.));
#3628 = DIRECTION('',(0.,0.,1.));
#3629 = ADVANCED_FACE('',(#3630),#3642,.T.);
#3630 = FACE_BOUND('',#3631,.T.);
#3631 = EDGE_LOOP('',(#3632,#3633,#3640,#3641));
#3632 = ORIENTED_EDGE('',*,*,#3618,.F.);
#3633 = ORIENTED_EDGE('',*,*,#3634,.F.);
#3634 = EDGE_CURVE('',#3587,#3611,#3635,.T.);
#3635 = CIRCLE('',#3636,60.);
#3636 = AXIS2_PLACEMENT_3D('',#3637,#3638,#3639);
#3637 = CARTESIAN_POINT('',(0.,0.,59.));
#3638 = DIRECTION('',(0.,0.,1.));
#3639 = DIRECTION('',(1.,0.,-0.));
#3640 = ORIENTED_EDGE('',*,*,#3594,.T.);
#3641 = ORIENTED_EDGE('',*,*,#2886,.T.);
#3642 = PLANE('',#3643);
#3643 = AXIS2_PLACEMENT_3D('',#3644,#3645,#3646);
#3644 = CARTESIAN_POINT('',(-7.,-36.,59.));
#3645 = DIRECTION('',(0.,0.,1.));
#3646 = DIRECTION('',(-2.22044604925E-16,-1.,0.));
#3647 = ADVANCED_FACE('',(#3648),#3674,.F.);
#3648 = FACE_BOUND('',#3649,.F.);
#3649 = EDGE_LOOP('',(#3650,#3658,#3667,#3673));
#3650 = ORIENTED_EDGE('',*,*,#3651,.F.);
#3651 = EDGE_CURVE('',#3652,#2906,#3654,.T.);
#3652 = VERTEX_POINT('',#3653);
#3653 = CARTESIAN_POINT('',(47.086429824657,-37.18693488804,41.));
#3654 = LINE('',#3655,#3656);
#3655 = CARTESIAN_POINT('',(30.405591591022,-20.50609665441,41.));
#3656 = VECTOR('',#3657,1.);
#3657 = DIRECTION('',(0.707106781187,-0.707106781187,0.));
#3658 = ORIENTED_EDGE('',*,*,#3659,.F.);
#3659 = EDGE_CURVE('',#3660,#3652,#3662,.T.);
#3660 = VERTEX_POINT('',#3661);
#3661 = CARTESIAN_POINT('',(37.186934888045,-47.08642982465,41.));
#3662 = CIRCLE('',#3663,60.);
#3663 = AXIS2_PLACEMENT_3D('',#3664,#3665,#3666);
#3664 = CARTESIAN_POINT('',(0.,0.,41.));
#3665 = DIRECTION('',(0.,0.,1.));
#3666 = DIRECTION('',(1.,0.,-0.));
#3667 = ORIENTED_EDGE('',*,*,#3668,.T.);
#3668 = EDGE_CURVE('',#3660,#2904,#3669,.T.);
#3669 = LINE('',#3670,#3671);
#3670 = CARTESIAN_POINT('',(20.50609665441,-30.40559159102,41.));
#3671 = VECTOR('',#3672,1.);
#3672 = DIRECTION('',(0.707106781187,-0.707106781187,0.));
#3673 = ORIENTED_EDGE('',*,*,#2903,.T.);
#3674 = PLANE('',#3675);
#3675 = AXIS2_PLACEMENT_3D('',#3676,#3677,#3678);
#3676 = CARTESIAN_POINT('',(20.50609665441,-30.40559159102,41.));
#3677 = DIRECTION('',(0.,0.,1.));
#3678 = DIRECTION('',(0.707106781187,-0.707106781187,0.));
#3679 = ADVANCED_FACE('',(#3680),#3698,.T.);
#3680 = FACE_BOUND('',#3681,.T.);
#3681 = EDGE_LOOP('',(#3682,#3683,#3691,#3697));
#3682 = ORIENTED_EDGE('',*,*,#3651,.F.);
#3683 = ORIENTED_EDGE('',*,*,#3684,.T.);
#3684 = EDGE_CURVE('',#3652,#3685,#3687,.T.);
#3685 = VERTEX_POINT('',#3686);
#3686 = CARTESIAN_POINT('',(47.086429824657,-37.18693488804,59.));
#3687 = LINE('',#3688,#3689);
#3688 = CARTESIAN_POINT('',(47.086429824657,-37.18693488804,-4.));
#3689 = VECTOR('',#3690,1.);
#3690 = DIRECTION('',(0.,0.,1.));
#3691 = ORIENTED_EDGE('',*,*,#3692,.T.);
#3692 = EDGE_CURVE('',#3685,#2923,#3693,.T.);
#3693 = LINE('',#3694,#3695);
#3694 = CARTESIAN_POINT('',(30.405591591022,-20.50609665441,59.));
#3695 = VECTOR('',#3696,1.);
#3696 = DIRECTION('',(0.707106781187,-0.707106781187,0.));
#3697 = ORIENTED_EDGE('',*,*,#2931,.F.);
#3698 = PLANE('',#3699);
#3699 = AXIS2_PLACEMENT_3D('',#3700,#3701,#3702);
#3700 = CARTESIAN_POINT('',(30.405591591022,-20.50609665441,41.));
#3701 = DIRECTION('',(0.707106781187,0.707106781187,0.));
#3702 = DIRECTION('',(0.,0.,1.));
#3703 = ADVANCED_FACE('',(#3704),#3723,.T.);
#3704 = FACE_BOUND('',#3705,.T.);
#3705 = EDGE_LOOP('',(#3706,#3707,#3716,#3722));
#3706 = ORIENTED_EDGE('',*,*,#3692,.F.);
#3707 = ORIENTED_EDGE('',*,*,#3708,.F.);
#3708 = EDGE_CURVE('',#3709,#3685,#3711,.T.);
#3709 = VERTEX_POINT('',#3710);
#3710 = CARTESIAN_POINT('',(37.186934888045,-47.08642982465,59.));
#3711 = CIRCLE('',#3712,60.);
#3712 = AXIS2_PLACEMENT_3D('',#3713,#3714,#3715);
#3713 = CARTESIAN_POINT('',(0.,0.,59.));
#3714 = DIRECTION('',(0.,0.,1.));
#3715 = DIRECTION('',(1.,0.,-0.));
#3716 = ORIENTED_EDGE('',*,*,#3717,.T.);
#3717 = EDGE_CURVE('',#3709,#2915,#3718,.T.);
#3718 = LINE('',#3719,#3720);
#3719 = CARTESIAN_POINT('',(20.50609665441,-30.40559159102,59.));
#3720 = VECTOR('',#3721,1.);
#3721 = DIRECTION('',(0.707106781187,-0.707106781187,0.));
#3722 = ORIENTED_EDGE('',*,*,#2922,.T.);
#3723 = PLANE('',#3724);
#3724 = AXIS2_PLACEMENT_3D('',#3725,#3726,#3727);
#3725 = CARTESIAN_POINT('',(20.50609665441,-30.40559159102,59.));
#3726 = DIRECTION('',(0.,0.,1.));
#3727 = DIRECTION('',(0.707106781187,-0.707106781187,0.));
#3728 = ADVANCED_FACE('',(#3729),#3740,.F.);
#3729 = FACE_BOUND('',#3730,.F.);
#3730 = EDGE_LOOP('',(#3731,#3732,#3738,#3739));
#3731 = ORIENTED_EDGE('',*,*,#3668,.F.);
#3732 = ORIENTED_EDGE('',*,*,#3733,.T.);
#3733 = EDGE_CURVE('',#3660,#3709,#3734,.T.);
#3734 = LINE('',#3735,#3736);
#3735 = CARTESIAN_POINT('',(37.186934888045,-47.08642982465,-4.));
#3736 = VECTOR('',#3737,1.);
#3737 = DIRECTION('',(0.,0.,1.));
#3738 = ORIENTED_EDGE('',*,*,#3717,.T.);
#3739 = ORIENTED_EDGE('',*,*,#2914,.F.);
#3740 = PLANE('',#3741);
#3741 = AXIS2_PLACEMENT_3D('',#3742,#3743,#3744);
#3742 = CARTESIAN_POINT('',(20.50609665441,-30.40559159102,41.));
#3743 = DIRECTION('',(0.707106781187,0.707106781187,0.));
#3744 = DIRECTION('',(0.,0.,1.));
#3745 = ADVANCED_FACE('',(#3746,#3786,#3792,#3798,#3804,#3810,#3816,
    #3822),#3828,.T.);
#3746 = FACE_BOUND('',#3747,.T.);
#3747 = EDGE_LOOP('',(#3748,#3749,#3750,#3751,#3759,#3766,#3767,#3768,
    #3769,#3770,#3778,#3785));
#3748 = ORIENTED_EDGE('',*,*,#2962,.F.);
#3749 = ORIENTED_EDGE('',*,*,#3047,.T.);
#3750 = ORIENTED_EDGE('',*,*,#3021,.T.);
#3751 = ORIENTED_EDGE('',*,*,#3752,.T.);
#3752 = EDGE_CURVE('',#3013,#3753,#3755,.T.);
#3753 = VERTEX_POINT('',#3754);
#3754 = CARTESIAN_POINT('',(60.,-1.469576158977E-14,104.));
#3755 = LINE('',#3756,#3757);
#3756 = CARTESIAN_POINT('',(60.,-1.469576158977E-14,-4.));
#3757 = VECTOR('',#3758,1.);
#3758 = DIRECTION('',(0.,0.,1.));
#3759 = ORIENTED_EDGE('',*,*,#3760,.F.);
#3760 = EDGE_CURVE('',#3753,#3753,#3761,.T.);
#3761 = CIRCLE('',#3762,60.);
#3762 = AXIS2_PLACEMENT_3D('',#3763,#3764,#3765);
#3763 = CARTESIAN_POINT('',(0.,0.,104.));
#3764 = DIRECTION('',(0.,0.,1.));
#3765 = DIRECTION('',(1.,0.,-0.));
#3766 = ORIENTED_EDGE('',*,*,#3752,.F.);
#3767 = ORIENTED_EDGE('',*,*,#3012,.T.);
#3768 = ORIENTED_EDGE('',*,*,#2988,.F.);
#3769 = ORIENTED_EDGE('',*,*,#2953,.F.);
#3770 = ORIENTED_EDGE('',*,*,#3771,.F.);
#3771 = EDGE_CURVE('',#3772,#2954,#3774,.T.);
#3772 = VERTEX_POINT('',#3773);
#3773 = CARTESIAN_POINT('',(60.,-1.469576158977E-14,-4.));
#3774 = LINE('',#3775,#3776);
#3775 = CARTESIAN_POINT('',(60.,-1.469576158977E-14,-4.));
#3776 = VECTOR('',#3777,1.);
#3777 = DIRECTION('',(0.,0.,1.));
#3778 = ORIENTED_EDGE('',*,*,#3779,.T.);
#3779 = EDGE_CURVE('',#3772,#3772,#3780,.T.);
#3780 = CIRCLE('',#3781,60.);
#3781 = AXIS2_PLACEMENT_3D('',#3782,#3783,#3784);
#3782 = CARTESIAN_POINT('',(0.,0.,-4.));
#3783 = DIRECTION('',(0.,0.,1.));
#3784 = DIRECTION('',(1.,0.,-0.));
#3785 = ORIENTED_EDGE('',*,*,#3771,.T.);
#3786 = FACE_BOUND('',#3787,.T.);
#3787 = EDGE_LOOP('',(#3788,#3789,#3790,#3791));
#3788 = ORIENTED_EDGE('',*,*,#3071,.F.);
#3789 = ORIENTED_EDGE('',*,*,#3096,.T.);
#3790 = ORIENTED_EDGE('',*,*,#3144,.T.);
#3791 = ORIENTED_EDGE('',*,*,#3120,.F.);
#3792 = FACE_BOUND('',#3793,.T.);
#3793 = EDGE_LOOP('',(#3794,#3795,#3796,#3797));
#3794 = ORIENTED_EDGE('',*,*,#3169,.F.);
#3795 = ORIENTED_EDGE('',*,*,#3194,.T.);
#3796 = ORIENTED_EDGE('',*,*,#3242,.T.);
#3797 = ORIENTED_EDGE('',*,*,#3218,.F.);
#3798 = FACE_BOUND('',#3799,.T.);
#3799 = EDGE_LOOP('',(#3800,#3801,#3802,#3803));
#3800 = ORIENTED_EDGE('',*,*,#3267,.F.);
#3801 = ORIENTED_EDGE('',*,*,#3292,.T.);
#3802 = ORIENTED_EDGE('',*,*,#3340,.T.);
#3803 = ORIENTED_EDGE('',*,*,#3316,.F.);
#3804 = FACE_BOUND('',#3805,.T.);
#3805 = EDGE_LOOP('',(#3806,#3807,#3808,#3809));
#3806 = ORIENTED_EDGE('',*,*,#3365,.F.);
#3807 = ORIENTED_EDGE('',*,*,#3390,.T.);
#3808 = ORIENTED_EDGE('',*,*,#3438,.T.);
#3809 = ORIENTED_EDGE('',*,*,#3414,.F.);
#3810 = FACE_BOUND('',#3811,.T.);
#3811 = EDGE_LOOP('',(#3812,#3813,#3814,#3815));
#3812 = ORIENTED_EDGE('',*,*,#3463,.F.);
#3813 = ORIENTED_EDGE('',*,*,#3488,.T.);
#3814 = ORIENTED_EDGE('',*,*,#3536,.T.);
#3815 = ORIENTED_EDGE('',*,*,#3512,.F.);
#3816 = FACE_BOUND('',#3817,.T.);
#3817 = EDGE_LOOP('',(#3818,#3819,#3820,#3821));
#3818 = ORIENTED_EDGE('',*,*,#3561,.F.);
#3819 = ORIENTED_EDGE('',*,*,#3586,.T.);
#3820 = ORIENTED_EDGE('',*,*,#3634,.T.);
#3821 = ORIENTED_EDGE('',*,*,#3610,.F.);
#3822 = FACE_BOUND('',#3823,.T.);
#3823 = EDGE_LOOP('',(#3824,#3825,#3826,#3827));
#3824 = ORIENTED_EDGE('',*,*,#3659,.F.);
#3825 = ORIENTED_EDGE('',*,*,#3733,.T.);
#3826 = ORIENTED_EDGE('',*,*,#3708,.T.);
#3827 = ORIENTED_EDGE('',*,*,#3684,.F.);
#3828 = CYLINDRICAL_SURFACE('',#3829,60.);
#3829 = AXIS2_PLACEMENT_3D('',#3830,#3831,#3832);
#3830 = CARTESIAN_POINT('',(0.,0.,-4.));
#3831 = DIRECTION('',(0.,0.,1.));
#3832 = DIRECTION('',(1.,0.,-0.));
#3833 = ADVANCED_FACE('',(#3834),#3837,.F.);
#3834 = FACE_BOUND('',#3835,.T.);
#3835 = EDGE_LOOP('',(#3836));
#3836 = ORIENTED_EDGE('',*,*,#3779,.F.);
#3837 = PLANE('',#3838);
#3838 = AXIS2_PLACEMENT_3D('',#3839,#3840,#3841);
#3839 = CARTESIAN_POINT('',(0.,0.,-4.));
#3840 = DIRECTION('',(0.,0.,1.));
#3841 = DIRECTION('',(1.,0.,-0.));
#3842 = ADVANCED_FACE('',(#3843),#3846,.T.);
#3843 = FACE_BOUND('',#3844,.T.);
#3844 = EDGE_LOOP('',(#3845));
#3845 = ORIENTED_EDGE('',*,*,#3760,.T.);
#3846 = PLANE('',#3847);
#3847 = AXIS2_PLACEMENT_3D('',#3848,#3849,#3850);
#3848 = CARTESIAN_POINT('',(0.,0.,104.));
#3849 = DIRECTION('',(0.,0.,1.));
#3850 = DIRECTION('',(1.,0.,-0.));
#3851 = ( GEOMETRIC_REPRESENTATION_CONTEXT(3) 
GLOBAL_UNCERTAINTY_ASSIGNED_CONTEXT((#3855)) 
GLOBAL_UNIT_ASSIGNED_CONTEXT((#3852,#3853,#3854)) REPRESENTATION_CONTEXT
('Context #1','3D Context with UNIT and UNCERTAINTY') );
#3852 = ( LENGTH_UNIT() NAMED_UNIT(*) SI_UNIT(.MILLI.,.METRE.) );
#3853 = ( NAMED_UNIT(*) PLANE_ANGLE_UNIT() SI_UNIT($,.RADIAN.) );
#3854 = ( NAMED_UNIT(*) SI_UNIT($,.STERADIAN.) SOLID_ANGLE_UNIT() );
#3855 = UNCERTAINTY_MEASURE_WITH_UNIT(LENGTH_MEASURE(1.E-07),#3852,
  'distance_accuracy_value','confusion accuracy');
#3856 = CONTEXT_DEPENDENT_SHAPE_REPRESENTATION(#3857,#3859);
#3857 = ( REPRESENTATION_RELATIONSHIP('','',#2537,#10) 
REPRESENTATION_RELATIONSHIP_WITH_TRANSFORMATION(#3858) 
SHAPE_REPRESENTATION_RELATIONSHIP() );
#3858 = ITEM_DEFINED_TRANSFORMATION('','',#11,#31);
#3859 = PRODUCT_DEFINITION_SHAPE('Placement','Placement of an item',
  #3860);
#3860 = NEXT_ASSEMBLY_USAGE_OCCURRENCE('5','pilot_wheel','',#5,#2532,$);
#3861 = PRODUCT_RELATED_PRODUCT_CATEGORY('part',$,(#2534));
#3862 = SHAPE_DEFINITION_REPRESENTATION(#3863,#3869);
#3863 = PRODUCT_DEFINITION_SHAPE('','',#3864);
#3864 = PRODUCT_DEFINITION('design','',#3865,#3868);
#3865 = PRODUCT_DEFINITION_FORMATION('','',#3866);
#3866 = PRODUCT('tender','tender','',(#3867));
#3867 = PRODUCT_CONTEXT('',#2,'mechanical');
#3868 = PRODUCT_DEFINITION_CONTEXT('part definition',#2,'design');
#3869 = ADVANCED_BREP_SHAPE_REPRESENTATION('',(#11,#3870),#4020);
#3870 = MANIFOLD_SOLID_BREP('',#3871);
#3871 = CLOSED_SHELL('',(#3872,#3912,#3952,#3974,#3996,#4008));
#3872 = ADVANCED_FACE('',(#3873),#3907,.F.);
#3873 = FACE_BOUND('',#3874,.F.);
#3874 = EDGE_LOOP('',(#3875,#3885,#3893,#3901));
#3875 = ORIENTED_EDGE('',*,*,#3876,.F.);
#3876 = EDGE_CURVE('',#3877,#3879,#3881,.T.);
#3877 = VERTEX_POINT('',#3878);
#3878 = CARTESIAN_POINT('',(0.,0.,0.));
#3879 = VERTEX_POINT('',#3880);
#3880 = CARTESIAN_POINT('',(0.,0.,1.7E+03));
#3881 = LINE('',#3882,#3883);
#3882 = CARTESIAN_POINT('',(0.,0.,0.));
#3883 = VECTOR('',#3884,1.);
#3884 = DIRECTION('',(0.,0.,1.));
#3885 = ORIENTED_EDGE('',*,*,#3886,.T.);
#3886 = EDGE_CURVE('',#3877,#3887,#3889,.T.);
#3887 = VERTEX_POINT('',#3888);
#3888 = CARTESIAN_POINT('',(0.,1.7E+03,0.));
#3889 = LINE('',#3890,#3891);
#3890 = CARTESIAN_POINT('',(0.,0.,0.));
#3891 = VECTOR('',#3892,1.);
#3892 = DIRECTION('',(-0.,1.,0.));
#3893 = ORIENTED_EDGE('',*,*,#3894,.T.);
#3894 = EDGE_CURVE('',#3887,#3895,#3897,.T.);
#3895 = VERTEX_POINT('',#3896);
#3896 = CARTESIAN_POINT('',(0.,1.7E+03,1.7E+03));
#3897 = LINE('',#3898,#3899);
#3898 = CARTESIAN_POINT('',(0.,1.7E+03,0.));
#3899 = VECTOR('',#3900,1.);
#3900 = DIRECTION('',(0.,0.,1.));
#3901 = ORIENTED_EDGE('',*,*,#3902,.F.);
#3902 = EDGE_CURVE('',#3879,#3895,#3903,.T.);
#3903 = LINE('',#3904,#3905);
#3904 = CARTESIAN_POINT('',(0.,0.,1.7E+03));
#3905 = VECTOR('',#3906,1.);
#3906 = DIRECTION('',(-0.,1.,0.));
#3907 = PLANE('',#3908);
#3908 = AXIS2_PLACEMENT_3D('',#3909,#3910,#3911);
#3909 = CARTESIAN_POINT('',(0.,0.,0.));
#3910 = DIRECTION('',(1.,0.,-0.));
#3911 = DIRECTION('',(0.,0.,1.));
#3912 = ADVANCED_FACE('',(#3913),#3947,.T.);
#3913 = FACE_BOUND('',#3914,.T.);
#3914 = EDGE_LOOP('',(#3915,#3925,#3933,#3941));
#3915 = ORIENTED_EDGE('',*,*,#3916,.F.);
#3916 = EDGE_CURVE('',#3917,#3919,#3921,.T.);
#3917 = VERTEX_POINT('',#3918);
#3918 = CARTESIAN_POINT('',(3.2E+03,0.,0.));
#3919 = VERTEX_POINT('',#3920);
#3920 = CARTESIAN_POINT('',(3.2E+03,0.,1.7E+03));
#3921 = LINE('',#3922,#3923);
#3922 = CARTESIAN_POINT('',(3.2E+03,0.,0.));
#3923 = VECTOR('',#3924,1.);
#3924 = DIRECTION('',(0.,0.,1.));
#3925 = ORIENTED_EDGE('',*,*,#3926,.T.);
#3926 = EDGE_CURVE('',#3917,#3927,#3929,.T.);
#3927 = VERTEX_POINT('',#3928);
#3928 = CARTESIAN_POINT('',(3.2E+03,1.7E+03,0.));
#3929 = LINE('',#3930,#3931);
#3930 = CARTESIAN_POINT('',(3.2E+03,0.,0.));
#3931 = VECTOR('',#3932,1.);
#3932 = DIRECTION('',(-0.,1.,0.));
#3933 = ORIENTED_EDGE('',*,*,#3934,.T.);
#3934 = EDGE_CURVE('',#3927,#3935,#3937,.T.);
#3935 = VERTEX_POINT('',#3936);
#3936 = CARTESIAN_POINT('',(3.2E+03,1.7E+03,1.7E+03));
#3937 = LINE('',#3938,#3939);
#3938 = CARTESIAN_POINT('',(3.2E+03,1.7E+03,0.));
#3939 = VECTOR('',#3940,1.);
#3940 = DIRECTION('',(0.,0.,1.));
#3941 = ORIENTED_EDGE('',*,*,#3942,.F.);
#3942 = EDGE_CURVE('',#3919,#3935,#3943,.T.);
#3943 = LINE('',#3944,#3945);
#3944 = CARTESIAN_POINT('',(3.2E+03,0.,1.7E+03));
#3945 = VECTOR('',#3946,1.);
#3946 = DIRECTION('',(-0.,1.,0.));
#3947 = PLANE('',#3948);
#3948 = AXIS2_PLACEMENT_3D('',#3949,#3950,#3951);
#3949 = CARTESIAN_POINT('',(3.2E+03,0.,0.));
#3950 = DIRECTION('',(1.,0.,-0.));
#3951 = DIRECTION('',(0.,0.,1.));
#3952 = ADVANCED_FACE('',(#3953),#3969,.F.);
#3953 = FACE_BOUND('',#3954,.F.);
#3954 = EDGE_LOOP('',(#3955,#3961,#3962,#3968));
#3955 = ORIENTED_EDGE('',*,*,#3956,.F.);
#3956 = EDGE_CURVE('',#3877,#3917,#3957,.T.);
#3957 = LINE('',#3958,#3959);
#3958 = CARTESIAN_POINT('',(0.,0.,0.));
#3959 = VECTOR('',#3960,1.);
#3960 = DIRECTION('',(1.,0.,-0.));
#3961 = ORIENTED_EDGE('',*,*,#3876,.T.);
#3962 = ORIENTED_EDGE('',*,*,#3963,.T.);
#3963 = EDGE_CURVE('',#3879,#3919,#3964,.T.);
#3964 = LINE('',#3965,#3966);
#3965 = CARTESIAN_POINT('',(0.,0.,1.7E+03));
#3966 = VECTOR('',#3967,1.);
#3967 = DIRECTION('',(1.,0.,-0.));
#3968 = ORIENTED_EDGE('',*,*,#3916,.F.);
#3969 = PLANE('',#3970);
#3970 = AXIS2_PLACEMENT_3D('',#3971,#3972,#3973);
#3971 = CARTESIAN_POINT('',(0.,0.,0.));
#3972 = DIRECTION('',(-0.,1.,0.));
#3973 = DIRECTION('',(0.,0.,1.));
#3974 = ADVANCED_FACE('',(#3975),#3991,.T.);
#3975 = FACE_BOUND('',#3976,.T.);
#3976 = EDGE_LOOP('',(#3977,#3983,#3984,#3990));
#3977 = ORIENTED_EDGE('',*,*,#3978,.F.);
#3978 = EDGE_CURVE('',#3887,#3927,#3979,.T.);
#3979 = LINE('',#3980,#3981);
#3980 = CARTESIAN_POINT('',(0.,1.7E+03,0.));
#3981 = VECTOR('',#3982,1.);
#3982 = DIRECTION('',(1.,0.,-0.));
#3983 = ORIENTED_EDGE('',*,*,#3894,.T.);
#3984 = ORIENTED_EDGE('',*,*,#3985,.T.);
#3985 = EDGE_CURVE('',#3895,#3935,#3986,.T.);
#3986 = LINE('',#3987,#3988);
#3987 = CARTESIAN_POINT('',(0.,1.7E+03,1.7E+03));
#3988 = VECTOR('',#3989,1.);
#3989 = DIRECTION('',(1.,0.,-0.));
#3990 = ORIENTED_EDGE('',*,*,#3934,.F.);
#3991 = PLANE('',#3992);
#3992 = AXIS2_PLACEMENT_3D('',#3993,#3994,#3995);
#3993 = CARTESIAN_POINT('',(0.,1.7E+03,0.));
#3994 = DIRECTION('',(-0.,1.,0.));
#3995 = DIRECTION('',(0.,0.,1.));
#3996 = ADVANCED_FACE('',(#3997),#4003,.F.);
#3997 = FACE_BOUND('',#3998,.F.);
#3998 = EDGE_LOOP('',(#3999,#4000,#4001,#4002));
#3999 = ORIENTED_EDGE('',*,*,#3886,.F.);
#4000 = ORIENTED_EDGE('',*,*,#3956,.T.);
#4001 = ORIENTED_EDGE('',*,*,#3926,.T.);
#4002 = ORIENTED_EDGE('',*,*,#3978,.F.);
#4003 = PLANE('',#4004);
#4004 = AXIS2_PLACEMENT_3D('',#4005,#4006,#4007);
#4005 = CARTESIAN_POINT('',(0.,0.,0.));
#4006 = DIRECTION('',(0.,0.,1.));
#4007 = DIRECTION('',(1.,0.,-0.));
#4008 = ADVANCED_FACE('',(#4009),#4015,.T.);
#4009 = FACE_BOUND('',#4010,.T.);
#4010 = EDGE_LOOP('',(#4011,#4012,#4013,#4014));
#4011 = ORIENTED_EDGE('',*,*,#3902,.F.);
#4012 = ORIENTED_EDGE('',*,*,#3963,.T.);
#4013 = ORIENTED_EDGE('',*,*,#3942,.T.);
#4014 = ORIENTED_EDGE('',*,*,#3985,.F.);
#4015 = PLANE('',#4016);
#4016 = AXIS2_PLACEMENT_3D('',#4017,#4018,#4019);
#4017 = CARTESIAN_POINT('',(0.,0.,1.7E+03));
#4018 = DIRECTION('',(0.,0.,1.));
#4019 = DIRECTION('',(1.,0.,-0.));
#4020 = ( GEOMETRIC_REPRESENTATION_CONTEXT(3) 
GLOBAL_UNCERTAINTY_ASSIGNED_CONTEXT((#4024)) 
GLOBAL_UNIT_ASSIGNED_CONTEXT((#4021,#4022,#4023)) REPRESENTATION_CONTEXT
('Context #1','3D Context with UNIT and UNCERTAINTY') );
#4021 = ( LENGTH_UNIT() NAMED_UNIT(*) SI_UNIT(.MILLI.,.METRE.) );
#4022 = ( NAMED_UNIT(*) PLANE_ANGLE_UNIT() SI_UNIT($,.RADIAN.) );
#4023 = ( NAMED_UNIT(*) SI_UNIT($,.STERADIAN.) SOLID_ANGLE_UNIT() );
#4024 = UNCERTAINTY_MEASURE_WITH_UNIT(LENGTH_MEASURE(1.E-07),#4021,
  'distance_accuracy_value','confusion accuracy');
#4025 = CONTEXT_DEPENDENT_SHAPE_REPRESENTATION(#4026,#4028);
#4026 = ( REPRESENTATION_RELATIONSHIP('','',#3869,#10) 
REPRESENTATION_RELATIONSHIP_WITH_TRANSFORMATION(#4027) 
SHAPE_REPRESENTATION_RELATIONSHIP() );
#4027 = ITEM_DEFINED_TRANSFORMATION('','',#11,#35);
#4028 = PRODUCT_DEFINITION_SHAPE('Placement','Placement of an item',
  #4029);
#4029 = NEXT_ASSEMBLY_USAGE_OCCURRENCE('6','tender','',#5,#3864,$);
#4030 = PRODUCT_RELATED_PRODUCT_CATEGORY('part',$,(#3866));
ENDSEC;
END-ISO-10303-21;
